Product Name,Price,Ratings
"Acer Chromebook R 11 Convertible Laptop, Celeron N3060, 11.6"" HD Touch, 4GB DDR3L, 32GB eMMC, C738T-C7KD",$207.20,3.9 out of 5 stars
"ASUS Chromebook C425 Clamshell Laptop, 14"" FHD 4-Way NanoEdge, Intel Core M3-8100Y Processor, 8GB RAM, 64GB eMMC Storage, Backlit KB, Silver, Chrome OS, C425TA-DH384",$379.99,3.8 out of 5 stars
"Acer Aspire 5 Slim Laptop, 15.6 inches Full HD IPS Display, AMD Ryzen 3 3200U, Vega 3 Graphics, 4GB DDR4, 128GB SSD, Backlit Keyboard, Windows 10 in S Mode, A515-43-R19L",$308.94,4.4 out of 5 stars
"Lenovo 100E Chromebook 2ND Gen Laptop, 11.6"" HD (1366 X 768) Display, MediaTek MT8173C Processor, 4GB LPDDR3 RAM, 16GB eMMC TLC SSD, Powervr GX6250, Chrome OS, 81QB000AUS, Black",$99.99,5.0 out of 5 stars
"Acer Aspire E 15, 15.6"" Full HD, 8th Gen Intel Core i3-8130U, 6GB RAM Memory, 1TB HDD, 8X DVD, E5-576-392H",$307.00,3.7 out of 5 stars
"Acer Aspire 5 Slim Laptop, 15.6 Inches FHD IPS Display, 8th Gen Intel Core i5-8265U, 8GB DDR4, 256GB SSD, Fingerprint Reader, Windows 10 Home, A515-54-51DJ",$504.00,4.2 out of 5 stars
"Lenovo 15.6"" HD Premium Home and Business Laptop, AMD Dual Core A9-9425 Processor Upto 3.7GHz, 16GB RAM, 1TB HDD, DVD-RW, AMD Radeon R5 Graphics, WiFi, HDMI, Webcam, Bluetooth, Windows 10",$362.08,3.7 out of 5 stars
"Lenovo  130S-11IGM 11.6"" HD Laptop, Intel Celeron N4000, 4GB RAM, 64GB eMMC, 1-Year Office 365, Windows 10 in S Model - Gray",$169.74,4.1 out of 5 stars
"HP 2019 14"" Laptop - Intel Core i3 - 8GB Memory - 128GB Solid State Drive - Ash Silver Keyboard Frame (14-CF0014DX)",$330.00,4.2 out of 5 stars
"2019 14"" Laptop - Intel Quad-Core Atom x5 E8000 Processor - 4GB Memory - 64GB Solid State Drive -2PCS 4500mAh Large Capacity Battery Endurance- Ash Silver Keyboard Frame",$189.99,4.6 out of 5 stars
"XIDU 12.5"" Tour Pro Touchcreen Ultrabook Backlit Keyboard Laptop| 180-degree Swivel | 8GB DDR3+128GB SSD| 2K IPS | Fingerprint | Win10 Home for On-The-Go(Space Gray)",$449.99,4.3 out of 5 stars
"LG Gram 17Z990-R.AAS9U1 Thin and Light Laptop, 17"" (2560 X 1600) IPS Display, Intel 8th Gen Core i7, 16GB RAM, 1TB (512GB x 2) Nvme SSD, Up to 19.5 Hour Battery, Thunderbolt 3, Dark Silver","$1,799.99",4.4 out of 5 stars
"New Lenovo 130S 11.6"" HD Laptop, Intel Celeron (2 core) N4000 1.1GHz up to 2.6GHz, 4GB Memory, 64GB SSD, Webcam, Bluetooth, HDMI, USB 3.1, Windows 10, Office 365 Personal 1-Year Included",$170.00,4.1 out of 5 stars
"Lenovo Flex 14 2-in-1 Convertible Laptop, 14 Inch FHD Touchscreen Display, AMD Ryzen 5 3500U Processor, 12GB DDR4 RAM, 256GB NVMe SSD, Windows 10, 81SS000DUS, Black, Pen Included",$559.99,4.1 out of 5 stars
"ASUS VivoBook Thin and Lightweight FHD WideView Laptop, 8th Gen Intel Core i5-8250U, 8GB DDR4 RAM, 128GB SSD+1TB HDD, USB Type-C, NanoEdge, Fingerprint Reader, Windows 10 - F510UA-AH55",$639.99,3.9 out of 5 stars
"HP 2019 Newest Premium 15.6-inch HD Laptop, AMD A6-9225 Dual-Core 2.6 GHz, 8GB RAM, 1TB HDD, AMD Radeon R4, WiFi, HDMI, MaxxAudio, Bluetooth, Windows 10",$397.95,3.8 out of 5 stars
Dell Inspiron 15.6 inch HD Touchscreen Flagship High Performance Laptop PC | Intel Core i5-7200U | 8GB RAM | 256GB SSD | Bluetooth | WiFi | Windows 10 (Black),$411.99,3.8 out of 5 stars
"2019 Newest Lenovo IdeaPad 15.6"" HD High Performance Laptop PC |7th Gen AMD A9-9425 Dual-Core 3.10 GHz| 4GB RAM | 128GB SSD | 802.11ac | Bluetooth | DVD+/-RW | HDMI | Win 10",$234.00,3.7 out of 5 stars
"ASUS VivoBook 15 Thin and Light Laptop, 15.6” FHD, Intel Core i3-8145U CPU, 8GB RAM, 128GB SSD, Windows 10 in S Mode, F512FA-AB34, Slate Gray",$399.99,4.2 out of 5 stars
HP (17-BY1053DX) 17.3 Laptop - Core i5-8265U - 8GB Memory - 256GB Solid State Drive - Jet Black/Maglia Pattern,$459.99,5.0 out of 5 stars
"XIDU PhilBook Max 2-in-1 Convertible Laptop, 14.1 Inch FHD Slim Bezel Touchscreen, Intel E3950 Quad-core, 8GB RAM, 128GB SSD, Backlit Keyboard, Windows 10 Notebook, Star Gray",$399.99,4.1 out of 5 stars
"Lenovo 100E Chromebook 2ND Gen Laptop, 11.6"" HD (1366 X 768) Display, MediaTek MT8173C Processor, 4GB LPDDR3 RAM, 16GB eMMC TLC SSD, Powervr GX6250, Chrome OS, 81QB000AUS, Black",$99.99,5.0 out of 5 stars
"LG Gram 14T990-U.AAS8U1, 14” 2-in-1 Ultra-Lightweight Laptop with Intel Core i7 Processor and Wacom Pen, Silver","$1,199.99",4.2 out of 5 stars
"Lenovo 100E Chromebook 2ND Gen Laptop, 11.6"" HD (1366 X 768) Display, MediaTek MT8173C Processor, 4GB LPDDR3 RAM, 16GB eMMC TLC SSD, Powervr GX6250, Chrome OS, 81QB000AUS, Black",$99.99,5.0 out of 5 stars
"2019 HP 17.3"" HD+ Touchscreen Laptop Computer, AMD Quad-Core Ryzen 5 2500U up to 3.6GHz (Beat i7-7500U), 12GB DDR4 RAM, 1TB HDD, DVDRW, 802.11ac WiFi, Bluetooth 4.2, USB 3.1, HDMI, Windows 10 Home",$629.00,5.0 out of 5 stars
"2019 Premium Dell Latitude E6530 15.6 Inch Business Laptop (Intel Dual Core i7-3520M up to 3.6GHz, 16GB DDR3 RAM, 1TB HDD, Intel HD 4000, DVD, WiFi, Bluetooth, HDMI, Windows 10 Pro) (Renewed)",$594.44,-1
"Lenovo Thinkpad Yoga 11e Laptop 11.6"" Touchscreen Convertible Ultrabook PC, Intel Quad Core Processor, 128GB Solid State Drive, 4GB DDR3 RAM, HD Webcam, LED, HDMI, Bluetooth, Windows 10 (Renewed)",$184.89,4.3 out of 5 stars
"2019 HP 14“ Laptop (Intel Pentium Gold 2.3GHz, Dual Cores, 4GB DDR4 RAM, 128GB SSD, Wi-Fi, Bluetooth, HDMI, Windows 10 Home) (Ash Silver) (14-CF0012DX)",$239.50,3.6 out of 5 stars
"HP 15.6-Inch HD Touchscreen Laptop (Intel Pentium Silver N5000 1.1GHz, 4GB DDR4-2400 Memory, 1TB HDD, HDMI, HD Webcam, Win 10)",$296.99,3.3 out of 5 stars
"CUK MSI GF75 Thin Gamer Notebook (Intel i7-9750H, 32GB RAM, 1TB NVMe SSD + 1TB HDD, NVIDIA GeForce GTX 1650 4GB, 17.3"" FHD 120Hz IPS-Level, Windows 10 Home) Gaming Laptop Computer","$1,259.99",4.3 out of 5 stars
"2019 Lenovo Thinkpad E590 15.6"" HD Business Laptop (Intel Quad Core i5-8265U, 16GB DDR4 Memory, 256GB PCIe 3.0(x4) NVMe SSD M.2 SSD) Type-C, HDMI, Ethernet, Webcam, Windows 10 Pro",$672.56,4.0 out of 5 stars
"2018 HP 15.6"" Business Laptop HD+ WLED-backlit Touchscreen Display Intel i3-7100U Processor 12GB DDR4 RAM 1TB HDD Intel 620 Graphics DVD-RW 802.11AC Wifi HDMI Windows 10-Black",$469.92,3.8 out of 5 stars
"Beantech W11046ADB Laptop (Windows 10 Home, Intel Cherry Trail z8300, 11.6"" LCD Screen, Storage: 64 GB, RAM: 4 GB) Black",$219.99,2.2 out of 5 stars
"Acer Chromebook R 11 Convertible Laptop, Celeron N3060, 11.6"" HD Touch, 4GB DDR3L, 32GB eMMC, C738T-C7KD",$207.20,3.9 out of 5 stars
"Microsoft Surface Laptop 13.5"" 2256x1504 Touchscreen with Digital Pen, Core i5 Dual-Core up to 3.10 GHz, 8GB RAM, 256GB SSD, Webcam, Intel HD 620, Bluetooth, Win 10 - Burgundy (Renewed)",$609.99,4.2 out of 5 stars
"2017 HP 17.3"" Business Flagship Laptop PC HD+ WLED-backlit Display Intel i3-7100U Processor 8GB DDR4 RAM 1TB HDD Intel 520 Graphics DVD-RW 802.11AC Wifi Webcam HDMI Windows 10-Silver",$412.00,3.9 out of 5 stars
"MSI GF63 Thin 9SCX-615 15.6"" Gaming Laptop, Intel Core i5-9300H, NVIDIA GTX 1050Ti, 8GB, 512GB NVMe SSD, Win10",$729.00,3.9 out of 5 stars
"2019 HP Pavilion Thinnest and Lightweight 13.3"" FHD IPS Ultra-Portable Laptop w/ Office Home & Student 2019 | Intel Quad Core i5-8265U (Newest) | 8GB RAM | 512GB SSD | Backlit Keyboard | Windows 10",$819.00,5.0 out of 5 stars
"Acer Swift 3 SF315 Laptop: Core i7-8550U, 256GB SSD, 8GB RAM, 15.6"" Full HD IPS Display, Windows 10 (Luxury Gold)",$608.87,4.2 out of 5 stars
"CHUWI HeroBook Laptop Computer Windows 10 PC, 14.1"" 1080P Display, Intel Atom X5-E8000 Quad Core, 4GB RAM/64GB eMMC and Extra 256GB SSD, 1TB M.2 SSD Slot, Thin and Lightweight",$229.99,3.7 out of 5 stars
"Oemgenuine Lenovo ThinkPad T470 Laptop Computer 14 Inch FHD Display 1920x1080, Intel Dual Core i5-6300U, 16GB RAM, 512GB SSD (PCIe-NVMe), W10P, Business Laptop",$699.95,5.0 out of 5 stars
"HP 2019 Premium Flagship Probook 450 G6 15.6 Full HD 1920x1080 Business Laptop, Intel 4-Core i7-8565U, Bluetooth, HDMI, Win 10 Pro, 16GB RAM, 512GB SSD w/ HESVAP Accessories",$895.00,4.8 out of 5 stars
"LG gram Laptop - 15.6"" Full HD Display, Intel 8th Gen Core I5, 8GB RAM, 256GB SSD, 21.5 HRs Battery - 15Z990-U.AAS5U1 (2019), Dark Silver",$946.99,4.3 out of 5 stars
"LG Gram 17Z990-R.AAS9U1 Thin and Light Laptop, 17"" (2560 X 1600) IPS Display, Intel 8th Gen Core i7, 16GB RAM, 1TB (512GB x 2) Nvme SSD, Up to 19.5 Hour Battery, Thunderbolt 3, Dark Silver","$1,799.99",4.4 out of 5 stars
"LG Gram 14T990-U.AAS8U1, 14” 2-in-1 Ultra-Lightweight Laptop with Intel Core i7 Processor and Wacom Pen, Silver","$1,199.99",4.2 out of 5 stars
"ASUS Chromebook C425 Clamshell Laptop, 14"" FHD 4-Way NanoEdge, Intel Core M3-8100Y Processor, 8GB RAM, 64GB eMMC Storage, Backlit KB, Silver, Chrome OS, C425TA-DH384",$379.99,3.8 out of 5 stars
"HP High Performance 15.6 inch HD Touchscreen Backlit Keyboard Laptop PC, 8th Gen Intel Core i5-8250U Quad-Core, 8GB DDR4, 2TB HDD + 128GB SSD, DVD RW, Bluetooth, WIFI, Windows 10",$569.16,4.2 out of 5 stars
"2019 Dell Premium Inspiron 15 3583 15.6 Inch FHD Laptop (Intel Core i7-8565U up to 4.6 GHz, 8GB RAM, 256GB SSD, Intel UHD Graphics 620, WiFi, Bluetooth, HDMI, Windows 10 Home)",$598.88,-1
"HP Chromebook 15-Inch Laptop, Micro-Edge Touchscreen, Dual-Core Intel Pentium Gold 4417U Gold Processor, 4 GB SDRAM, 64 GB eMMC Storage, Chrome OS (15-de0010nr, Ceramic White/Mineral Silver)",$369.00,4.2 out of 5 stars
"2019 ASUS 15.6"" High Performance Laptop Computer, AMD Quad-Core A12-9720P Processor up to 3.6GHz, 8GB DDR4 RAM, 128GB SSD, AMD Radeon R7 Graphics, WiFi, Bluetooth, USB 3.0, HDMI, Windows 10 Home",$350.01,3.7 out of 5 stars
"ASUS VivoBook 15 Ultraslim 15.6"" FHD (AMD Ryzen 5-3500U 2.1GHz, 8GB RAM, 512GB SSD, AMD Radeon Vega 8, Windows 10 64-Bit) Laptop Computer Bundle with McAfee Antivirus 1-Year, F512DA",$599.00,4.7 out of 5 stars
"2019 HP 17.3"" HD+ Flagship Home & Business Laptop, Intel Quad Core i5-8265U Processor Upto 3.9GHz, 16GB RAM, 512GB SSD, DVD-RW, WiFi, HDMI, GbE LAN, Bluetooth, Windows 10, Black",$579.00,5.0 out of 5 stars
"Acer Aspire 1 A114-32-C1YA, 14"" Full HD, Intel Celeron N4000, 4GB DDR4, 64GB eMMC, Office 365 Personal, Windows 10 Home in S mode",$229.99,3.6 out of 5 stars
"2019 Newest HP Pavilion Business Flagship Laptop PC 15.6"" HD Touchscreen Display 8th Gen Intel i5-8250U Quad-Core Processor 12GB DDR4 RAM 1TB HDD Backlit-Keyboard Bluetooth B&O Audio Windows 10",$610.00,4.0 out of 5 stars
"Beantech W11046ADB Laptop (Windows 10 Home, Intel Cherry Trail z8300, 11.6"" LCD Screen, Storage: 64 GB, RAM: 4 GB) Black",$219.99,2.2 out of 5 stars
"Acer Chromebook R 11 Convertible Laptop, Celeron N3060, 11.6"" HD Touch, 4GB DDR3L, 32GB eMMC, C738T-C7KD",$207.20,3.9 out of 5 stars
"Lenovo Thinkpad Yoga 11e Laptop 11.6"" Touchscreen PC Intel Quad Core Processor 128GB Solid State Drive 4GB DDR3 RAM, HD Webcam, LED, HDMI, Bluetooth, Windows 10 (Renewed) (Windows 10 Home)",$184.95,3.9 out of 5 stars
"Acer Predator Helios 300 Gaming Laptop PC, 15.6"" FHD IPS w/ 144Hz Refresh, Intel i7-8750H, GTX 1060 6GB, 16GB DDR4, 256GB NVMe SSD, Aeroblade Metal Fans PH315-51-78NP",$938.43,3.9 out of 5 stars
"HP Pavilion 2019 15.6 HD LED Laptop Notebook Computer PC, 2-Core AMD A6 2.6GHz, 8GB DDR4 RAM, 128GB SSD, DVD, HDMI, RJ-45, USB 3.0, Bluetooth, Webcam, Wi-Fi, Windows 10 Home in S Mode",$348.00,3.3 out of 5 stars
"2019 Newest Lenovo Ideapad S145 15.6"" HD LED-backlit Widescreen Laptop, Intel Pentium Gold 5405U 2.30GHz Processor, 16GB RAM, 512GB Solid State Drive, Wireless-AC, Bluetooth, Windows 10, Granite Black",$378.99,4.5 out of 5 stars
"2019 HP Pavilion 17 Premium Laptop Computer PC, 17.3"" HD+ WLED Display, 8th Gen Intel Core i3-8130U, 8GB DDR4 16GB Intel Optane Memory 2TB HDD 802.11ac BT DVDRW HDMI Webcam USB 3.1 Win 10-Silver",$569.00,-1
"2019 Lenovo IdeaPad S130 14"" Laptop Computer - Intel Celeron N4000 up to 2.6GHz - 4GB DDR4 RAM, 64GB eMMC - Intel UHD Graphics 600 - 802.11ac WiFi, Bluetooth, USB Type-C, HDMI, Blue - Windows 10",$219.00,-1
"2019 Newest Lenovo Ideapad 130 15.6"" HD LED-Backlit Widescreen Laptop, AMD A9-9425 Dual-Core Processor up to 3.70GHz, 8GB RAM, 256GB Solid State Drive, HDMI, Wireless-AC, Bluetooth, Windows 10, Black",$339.00,5.0 out of 5 stars
"Lenovo Ideapad 15.6"" HD High Performance Laptop, AMD A12-9720P Quad core processor 2.7GHz, 8GB DDR4, 1TB HDD, DVD, Webcam, WiFi,Bluetooth, Windows 10, Platinum gray",$396.50,3.3 out of 5 stars
"LG Gram 17Z990-R.AAS9U1 Thin and Light Laptop, 17"" (2560 X 1600) IPS Display, Intel 8th Gen Core i7, 16GB RAM, 1TB (512GB x 2) Nvme SSD, Up to 19.5 Hour Battery, Thunderbolt 3, Dark Silver","$1,799.99",4.4 out of 5 stars
"LG gram Laptop - 15.6"" Full HD Display, Intel 8th Gen Core I5, 8GB RAM, 256GB SSD, 21.5 HRs Battery - 15Z990-U.AAS5U1 (2019), Dark Silver",$946.99,4.3 out of 5 stars
"LG Gram 14T990-U.AAS8U1, 14” 2-in-1 Ultra-Lightweight Laptop with Intel Core i7 Processor and Wacom Pen, Silver","$1,199.99",4.2 out of 5 stars
"ASUS Chromebook C425 Clamshell Laptop, 14"" FHD 4-Way NanoEdge, Intel Core M3-8100Y Processor, 8GB RAM, 64GB eMMC Storage, Backlit KB, Silver, Chrome OS, C425TA-DH384",$379.99,3.8 out of 5 stars
"Lenovo 15.6"" High Performance Laptop, Intel Celeron 42050U Dual-Core Processor, 4GB DDR4 RAM, 128GB SSD, Webcam, Wireless+Bluetooth, HDMI, Window 10 (Intel Processor)",$229.96,4.2 out of 5 stars
"Newest 2019 Flagship Lenovo IdeaPad 330S 15.6"" Laptop Intel Core i3 4GB Memory 128GB Solid State Drive Midnight Blue",$269.99,5.0 out of 5 stars
"Dell Inspiron 15 5000 15.6-inch Touchscreen FHD 1080p Premium Laptop, Intel Quad Core i5-8250U Processor, 12GB RAM, 1TB Hard Drive, DVD Writer, Backlit Keyboard, Bluetooth, Silver",$628.00,3.8 out of 5 stars
"Newest Acer Aspire E 15 Full HD Laptop with 15.6"" 1920x1080 LED-Backlit Display, Intel Core i3-8130U Up to 3.4GHz, 6GB RAM, 1TB HDD, Webcam, DVD, USB 3.1 Type-C, 802.11ac, Bluetooth, HDMI, Windows 10",$360.00,4.0 out of 5 stars
"HP 2019 Premium Flagship Probook 450 G6 15.6 HD Business Laptop, Intel 4-Core i5-8265U, Bluetooth, HDMI, Win 10 Pro, 8GB RAM, 256GB SSD w/ Hesvap Accessories",$693.98,5.0 out of 5 stars
"Dell Inspiron 15 5000 Laptop Computer: Core i7-8550U, 128GB SSD + 1TB HDD, 8GB RAM, 15.6-inch Full HD Display, Backlit Keyboard, Windows 10",$692.86,4.1 out of 5 stars
"2019 HP Probook 450 G6 15.6"" HD Business Laptop (Intel Quad-Core i5-8265U, 16GB DDR4 RAM, 512GB M.2 SSD, UHD 620) Backlit, USB Type-C, RJ45, HDMI, Windows 10 Pro Professional",$697.00,3.7 out of 5 stars
"Microsoft Surface Laptop (1st Gen) D9P-00001 Laptop (Windows 10 S, Intel Core i5, 13.5"" LED-Lit Screen, Storage: 128 GB, RAM: 4 GB) Platinum",$599.99,4.2 out of 5 stars
"LG Gram 17Z990-R.AAS9U1 Thin and Light Laptop, 17"" (2560 X 1600) IPS Display, Intel 8th Gen Core i7, 16GB RAM, 1TB (512GB x 2) Nvme SSD, Up to 19.5 Hour Battery, Thunderbolt 3, Dark Silver","$1,799.99",4.4 out of 5 stars
"Beantech W11046ADB Laptop (Windows 10 Home, Intel Cherry Trail z8300, 11.6"" LCD Screen, Storage: 64 GB, RAM: 4 GB) Black",$219.99,2.2 out of 5 stars
"2019 HP Flagship 15.6-inch HD WLED-Backlit Laptop PC, AMD Dual-Core A6-9225 2.6GHz Processor, 4GB DDR4 SDRAM, 1TB HDD, DVD-RW, Bluetooth, USB 3.1, HDMI, WiFi, AMD Radeon Graphics, Webcam, Windows 10",$339.00,3.9 out of 5 stars
"HP 15.6"" High Performance Touchscreen Laptop PC Intel i3-7100u Dual-Core Processor 8GB Memory 1TB HDD DVD+RW HDMI Webcam WIFI Bluetooth Windows 10-Black",$422.98,3.8 out of 5 stars
"Dell G5 Gaming Notebook Computer 15.6″, Intel Core i7-8750H, Nvidia Geforce GTX 1050Ti 4GB, 8GB RAM, 1TB + 128GB SSD Storage, G5587-7037RED-PUS",$799.00,3.8 out of 5 stars
"HP Pavilion x360 2-in-1 14"" FHD WLED-Backlit Touchscreen Laptop, Intel Quad-Core i5-10210U, 8GB DDR4, 256GB SSD + 16GB Optane, Webcam, Backlit Keyboard, Fingerprint Reader, USB 3.1-C, Windows 10",$649.00,-1
"Lenovo 2019 Premium Flagship ThinkPad E590 15.6 Inch HD Laptop (8th Gen Intel Core i5-8265U up to 3.9 GHz, 8GB DDR4 RAM, 256GB SSD) Bluetooth 5.0, HDMI, Windows 10 Pro",$650.65,4.8 out of 5 stars
"HP 2019 Newest 15 15.6 Inch HD Laptop (Intel Dual Core i3-7100U 2.4 GHz, 8GB RAM, 256GB SSD, Intel UHD Graphics 620, WiFi, HDMI, Bluetooth, Windows 10) (Silver)",$373.00,3.8 out of 5 stars
"Acer Chromebook 15, Intel Atom X5-E8000 Quad-Core Processor, 15.6"" HD, 4GB LPDDR3, 16GB eMMC, CB3-532-108H",$0,4.0 out of 5 stars
"2018 Newest HP Premium High Performance Business Flagship Laptop PC 14"" HD LED-Backlit Display Intel Pentium N5000 4GB DDR4 RAM 64GB eMMC Bluetooth Office 365 Personal 1-Year Windows 10 S, Silver",$284.00,4.2 out of 5 stars
"LG gram Laptop - 15.6"" Full HD Display, Intel 8th Gen Core I5, 8GB RAM, 256GB SSD, 21.5 HRs Battery - 15Z990-U.AAS5U1 (2019), Dark Silver",$946.99,4.3 out of 5 stars
"Acer Chromebook R 11 Convertible Laptop, Celeron N3060, 11.6"" HD Touch, 4GB DDR3L, 32GB eMMC, C738T-C7KD",$207.20,3.9 out of 5 stars
"Acer Chromebook R 11 Convertible Laptop, Celeron N3060, 11.6"" HD Touch, 4GB DDR3L, 32GB eMMC, C738T-C7KD",$207.20,3.9 out of 5 stars
"LG Gram 14T990-U.AAS8U1, 14” 2-in-1 Ultra-Lightweight Laptop with Intel Core i7 Processor and Wacom Pen, Silver","$1,199.99",4.2 out of 5 stars
"Lenovo  130S-11IGM 11.6"" HD Laptop, Intel Celeron N4000, 4GB RAM, 64GB eMMC, 1-Year Office 365, Windows 10 in S Model - Gray",$169.74,4.1 out of 5 stars
"HP 15.6"" HD 2019 New Touch-Screen Laptop Notebook Computer, Intel Pentium Quad-Core N5000 (up to 2.7 GHz), 8GB DDR4, 1TB HDD, Bluetooth, Wi-Fi, HDMI, Webcam, Win 10",$348.59,3.8 out of 5 stars
"Lenovo Chromebook C330 2-in-1 Convertible Laptop, 11.6-Inch HD (1366 x 768) IPS Display, MediaTek MT8173C Processor, 4GB LPDDR3, 64 GB eMMC, Chrome OS, 81HY0000US, Blizzard White",$249.99,4.3 out of 5 stars
Dell Inspiron 15.6 inch HD Touchscreen Flagship High Performance Laptop PC | Intel Core i5-7200U | 8GB RAM | 256GB SSD | Bluetooth | WiFi | Windows 10 (Black),$411.99,3.8 out of 5 stars
"Lenovo Thinkpad E590 15.6"" HD Business Laptop (Intel Quad Core i5-8265U, 16GB DDR4 Memory, 512GB PCIe 3.0(x4) NVMe SSD M.2 SSD) Type-C, HDMI, Ethernet, Webcam, Windows 10 Professional",$690.78,4.4 out of 5 stars
HP (17-BY1053DX) 17.3 Laptop - Core i5-8265U - 8GB Memory - 256GB Solid State Drive - Jet Black/Maglia Pattern,$459.99,5.0 out of 5 stars
"Lenovo Ideapad 15.6"" HD High Performance Laptop, AMD A12-9720P Quad core processor 2.7GHz, 8GB DDR4, 1TB HDD, DVD, Webcam, WiFi,Bluetooth, Windows 10, Platinum gray",$396.50,3.3 out of 5 stars
"HP Pavilion 15.6"" FHD Gaming Laptop AMD Ryzen 5, 16GB DDR4 RAM, 256GB SSD+1TB HDD, NVIDIA GTX 1050, Quad-Core up to 3.70 GHz, 1920x1080, Backlit, RJ-45 LAN, Bluetooth 5.0, USB-C, SD Card, Win 10",$579.99,-1
"LG Gram 17Z990-R.AAS9U1 Thin and Light Laptop, 17"" (2560 X 1600) IPS Display, Intel 8th Gen Core i7, 16GB RAM, 1TB (512GB x 2) Nvme SSD, Up to 19.5 Hour Battery, Thunderbolt 3, Dark Silver","$1,799.99",4.4 out of 5 stars
"Lenovo 100E Chromebook 2ND Gen Laptop, 11.6"" HD (1366 X 768) Display, MediaTek MT8173C Processor, 4GB LPDDR3 RAM, 16GB eMMC TLC SSD, Powervr GX6250, Chrome OS, 81QB000AUS, Black",$99.99,5.0 out of 5 stars
"Asus TUF FX505DT Gaming Laptop, 15.6” 120Hz Full HD, AMD Ryzen 5 R5-3550H Processor, GeForce GTX 1650 Graphics, 8GB DDR4, 256GB PCIe SSD, Gigabit Wi-Fi 5, Windows 10 Home, FX505DT-AH51, RGB Keyboard",$680.00,4.0 out of 5 stars
"New Lenovo 130S 11.6"" HD Laptop, Intel Celeron (2 core) N4000 1.1GHz up to 2.6GHz, 4GB Memory, 64GB SSD, Webcam, Bluetooth, HDMI, USB 3.1, Windows 10, Office 365 Personal 1-Year Included",$170.00,4.1 out of 5 stars
"Microsoft Surface Laptop 3 – 13.5"" Touch-Screen – Intel Core i5 - 8GB Memory - 256GB Solid State Drive (Latest Model) – Sandstone",$999.00,3.8 out of 5 stars
"Alienware M15-15.6"" FHD Gaming Laptop Thin and Light, i7-8750H Processor, NVIDIA GeForce Graphics Card, 16GB RAM, 1TB Hybrid HDD + 128GB SSD, 17.9mm Thick & 4.78lbs","$1,149.90",4.3 out of 5 stars
"HP 2019 Newest HP 17 17.3"" HD+ (1600x900) Premium Laptop (Intel Core i5-7200U, 8GB 2400 MHz DDR4, 1TB HDD, DVD+RW, HDMI, Wi-Fi, BlueTooth, Ethernet Gigabit RJ-45, Windows 10 - Black)",$525.00,4.1 out of 5 stars
"HP Pavilion 15.6 HD 2019 Newest Thin and Light Laptop Notebook Computer, Intel AMD A6-9225, 8GB RAM, 1TB HDD, Bluetooth, Webcam, DVD-RW, WiFi, Win 10",$387.00,3.7 out of 5 stars
"Lenovo 100E Chromebook 2ND Gen Laptop, 11.6"" HD (1366 X 768) Display, MediaTek MT8173C Processor, 4GB LPDDR3 RAM, 16GB eMMC TLC SSD, Powervr GX6250, Chrome OS, 81QB000AUS, Black",$99.99,5.0 out of 5 stars
"ASUS VivoBook F510UA 15.6” Full HD Nanoedge Laptop, Intel Core i5-8250U Processor, 8GB DDR4 RAM, 1TB HDD, USB-C, Fingerprint, Windows 10 Home - F510UA-AH51, Star Gray",$729.55,3.4 out of 5 stars
"LG gram Laptop - 15.6"" Full HD Display, Intel 8th Gen Core I5, 8GB RAM, 256GB SSD, 21.5 HRs Battery - 15Z990-U.AAS5U1 (2019), Dark Silver",$946.99,4.3 out of 5 stars
"Beantech W11046ADB Laptop (Windows 10 Home, Intel Cherry Trail z8300, 11.6"" LCD Screen, Storage: 64 GB, RAM: 4 GB) Black",$219.99,2.2 out of 5 stars
"Acer Chromebook R 11 Convertible Laptop, Celeron N3060, 11.6"" HD Touch, 4GB DDR3L, 32GB eMMC, C738T-C7KD",$207.20,3.9 out of 5 stars
"Lenovo 100E Chromebook 2ND Gen Laptop, 11.6"" HD (1366 X 768) Display, MediaTek MT8173C Processor, 4GB LPDDR3 RAM, 16GB eMMC TLC SSD, Powervr GX6250, Chrome OS, 81QB000AUS, Black",$99.99,5.0 out of 5 stars
"HP - 15-db0031nr Laptop/AMD A9-9425/4GB/1TB HDD/15.6"" Flat HD (1366x768)/AMD Radeon R5/Windows 10 Home",$284.98,-1
"Lenovo ThinkPad P52s Mobile Workstation Ultrabook Laptop (Intel 8th Gen i7-8550U 4-core, 32GB RAM, 1TB SSD, 15.6"" FHD 1920x1080 IPS, NVIDIA Quadro P500, Fingerprint, Backlit Keyboard, Win 10 Pro)","$1,438.95",4.3 out of 5 stars
"2019 Newest HP Pavilion 15t 15.6 Inch FHD 1080P Laptop (10th Gen Inter 4-Core i7-10510U up to 4.9GHz, 16GB DDR4 RAM, 1TB SSD, Inter UHD, WiFi, Bluetooth, HDMI, Webcam, Windows 10) (Silver)",$890.54,-1
"ASUS VivoBook 15.6"" FHD Anti-Glare Laptop, Intel Quad Core A12-9720P 2.7GHz up to 3.6GHz, 8GB DDR4, 256GB SSD, AMD Radeon R7, USB Type-C, Bluetooth, Fingerprint Reader, Webcam, WiFi, HDMI, Windows 10",$350.00,3.9 out of 5 stars
"2019 Lenovo IdeaPad L340 15.6"" Laptop Computer, AMD Ryzen 3 3200U Processor up to 3.5GHz, 8GB DDR4 RAM, 256GB SSD, DVDRW, 802.11ac WiFi, Bluetooth 4.2, USB Type-C, HDMI, Grey, Windows 10 Home",$378.00,3.0 out of 5 stars
"HP Pavilion 2019 15.6 HD LED Laptop Notebook Computer PC, Intel I5-8265U, 8GB DDR4 RAM, 256GB PCIe Nvme SSD, USB 3.1, USB-C, Bluetooth, Webcam, Wi-Fi, Fast Charging, Windows 10 Home, Gold",$493.00,4.5 out of 5 stars
"2019 Dell Inspiron 15 5000 5570 Intel Core i7-8550U 12 GB DDR4 1TB HDD 15.6"" Full HD Touchscreen LED Silver Laptop (Renewed)",$579.00,5.0 out of 5 stars
"2019 Lenovo 14"" HD Laptop Computer, Intel Celeron N3350 up to 2.4GHz Processor, 2GB RAM, 32GB eMMC Flash Memory, HDMI, 802.11AC WiFi, Bluetooth 4.0, USB 3.0, 1-Year Microsoft Office 365, Windows 10",$174.99,3.4 out of 5 stars
"LG Gram 17Z990-R.AAS9U1 Thin and Light Laptop, 17"" (2560 X 1600) IPS Display, Intel 8th Gen Core i7, 16GB RAM, 1TB (512GB x 2) Nvme SSD, Up to 19.5 Hour Battery, Thunderbolt 3, Dark Silver","$1,799.99",4.4 out of 5 stars
"LG gram Laptop - 15.6"" Full HD Display, Intel 8th Gen Core I5, 8GB RAM, 256GB SSD, 21.5 HRs Battery - 15Z990-U.AAS5U1 (2019), Dark Silver",$946.99,4.3 out of 5 stars
"ASUS ROG G531GT-BI7N6 15.6"" FHD Gaming Laptop Computer, Intel Hexa-Core i7-9750H Up to 4.5GHz, 8GB DDR4, 512GB SSD, NVIDIA GeForce GTX 1650, 802.11ac WiFi, HDMI, USB 3.0, Windows 10",$849.00,4.0 out of 5 stars
"2019 Lenovo Thinkpad E590 15.6"" FHD Full HD IPS Business Laptop (Intel Quad Core i7-8565U, 32GB DDR4 RAM , 1TB PCIe NVMe M.2 SSD + 1TB HDD) Fingerprint,Type-C, HDMI, Ethernet, Windows 10 Pro","$1,027.99",4.5 out of 5 stars
"Thin and Light Laptop 14 inch HD Intel Atom X5-E8000 Quad core, 1.04Ghz CPU, up to 2.0Ghz, 4GB RAM, 64GB eMMC, Expandable 1TB HDD, WiFi, HDMI Windows 10 Home",$199.99,4.0 out of 5 stars
"MSI GL63 8SC-059 15.6"" Gaming Laptop, Intel Core i7-8750H, NVIDIA GeForce GTX1650, 8GB, 256GB Nvme SSD, Win10",$795.50,4.2 out of 5 stars
"2019 HP 15.6"" FHD IPS Touchscreen Laptop Computer, 8th Gen Intel Quad-Core i5-8250U up to 3.4GHz (Beat i7-7500U), 8GB DDR4, 1TB HDD + 512GB SSD, 802.11ac WiFi, USB 3.1, Bluetooth, HDMI, Windows 10",$647.00,4.3 out of 5 stars
"Newest_Dell Vostro Real Business(Better Design Than Inspiron) 15.6"" FHD Laptop-Intel Core i5, 8GB RAM, 256GB SSD, HDMI, VGA, Windows 10 Pro",$583.00,3.8 out of 5 stars
"Oemgenuine Lenovo ThinkPad P52s Laptop 15.6 Inch FHD IPS Display 1920x1080, Intel Quad Core i7-8550U, 32GB RAM, 1TB SSD, Fingerprint, Backlit Keyboard, W10P","$1,449.95",4.3 out of 5 stars
"HP 15.6"" HD LED Backlight Premium Laptop | AMD A6-9225 2.6GHz | 4GB DDR4 RAM | 1TB HDD | DVD-RW | Gigabit Ethernet | HDMI | SD Card Reader | Windows 10 | Jet Black",$311.00,3.7 out of 5 stars
"LG Gram 14T990-U.AAS8U1, 14” 2-in-1 Ultra-Lightweight Laptop with Intel Core i7 Processor and Wacom Pen, Silver","$1,199.99",4.2 out of 5 stars
"Beantech W11046ADB Laptop (Windows 10 Home, Intel Cherry Trail z8300, 11.6"" LCD Screen, Storage: 64 GB, RAM: 4 GB) Black",$219.99,2.2 out of 5 stars
"LG Gram 14T990-U.AAS8U1, 14” 2-in-1 Ultra-Lightweight Laptop with Intel Core i7 Processor and Wacom Pen, Silver","$1,199.99",4.2 out of 5 stars
"LG gram Laptop - 15.6"" Full HD Display, Intel 8th Gen Core I5, 8GB RAM, 256GB SSD, 21.5 HRs Battery - 15Z990-U.AAS5U1 (2019), Dark Silver",$946.99,4.3 out of 5 stars
"Acer Aspire 5 Slim Laptop, 15.6"" Full HD IPS Display, 8th Gen Intel Core i7-8565U, NVIDIA GeForce MX250, 12GB DDR4, 512GB PCIe Nvme SSD, Windows 10 Home, A515-54G-73WC",$747.91,3.6 out of 5 stars
"HP Chromebook X360 12-Inch HD+ Touchscreen Laptop, Intel Celeron N4000, 4. GB SDRAM, 32 GB eMMC, Chrome (12b-ca0010nr, Ceramic White)",$359.99,-1
"Lenovo 130S, Premium 2019 Flagship 11.6"" HD Laptop, Intel Celeron Dual-Core N4000 up to 2.6GHz, 4GB DDR4, 64GB eMMC Flash Memory, Intel UHD Graphics 600 Bluetooth WiFi HD Webcam USB-C HDMI Win 10 S",$200.00,4.5 out of 5 stars
"HP Stream 14-Inch Touchscreen Laptop, AMD Dual-Core A4-9120E Processor, 4 GB SDRAM, 64 GB eMMC, Windows 10 Home in S Mode with Office 365 Personal for One Year (14-ds0120nr, Rose Pink)",$269.99,4.0 out of 5 stars
"HP 2019 Newest 15 15.6 Inch HD Laptop (Intel Dual Core i3-7100U 2.4 GHz, 4GB RAM, 1TB HDD, Intel UHD Graphics 620, WiFi, HDMI, Bluetooth, Windows 10) (Silver)",$314.97,3.8 out of 5 stars
"ASUS 15.6"" Gaming Laptop Ryzen 5, 32GB RAM, 512GB SSD + 2TB SSHD, GTX 1050, 4 Cores up to 3.7GHz Processor, DDR4, Backlit Keyboard, Wi-Fi, 1920x1080, HDMI, Webcam",$899.00,4.3 out of 5 stars
Downton Abbey Season 1,$1.99,4.8 out of 5 stars
"2019 DeII Inspiron 15 5000 Series i5584 Touchscreen FHD (1920 x 1080) Laptop, Intel Core i5 - 8265U 1.6GHz, 12GB DDR4 2666MHz 256GB SSD+16GB Optane, Windows 10 Home (64-bit)",$554.80,5.0 out of 5 stars
"LG Gram 17Z990-R.AAS9U1 Thin and Light Laptop, 17"" (2560 X 1600) IPS Display, Intel 8th Gen Core i7, 16GB RAM, 1TB (512GB x 2) Nvme SSD, Up to 19.5 Hour Battery, Thunderbolt 3, Dark Silver","$1,799.99",4.4 out of 5 stars
"Lenovo 100E Chromebook 2ND Gen Laptop, 11.6"" HD (1366 X 768) Display, MediaTek MT8173C Processor, 4GB LPDDR3 RAM, 16GB eMMC TLC SSD, Powervr GX6250, Chrome OS, 81QB000AUS, Black",$99.99,5.0 out of 5 stars
"Asus Laptop L406 Thin and Light Laptop, 14” HD, Intel Celeron N4000 Processor, 4GB RAM, 64GB eMMC Storage, Wi-Fi 5, Windows 10, Blue, L406MA-AB02-BL, One Year of Microsoft Office 365",$249.99,3.6 out of 5 stars
"2019 Newest Flagship Lenovo IdeaPad 15.6"" HD High Performance Laptop PC |Intel Pentium 5405U 2.3 GHz| 4GB RAM | 500GB HDD | Bluetooth | HDMI | Windows 10",$235.00,3.9 out of 5 stars
"Lenovo IdeaPad 330 15.6"" HD Business Laptop, Intel Dual-Core i3-8130U Up to 3.4GHz (Beat i5-7200U), 8GB DDR4, 1TB HDD, 802.11ac, Bluetooth, HDMI, Windows 10",$369.00,3.6 out of 5 stars
"Acer Aspire 5 Slim Laptop, 15.6"" Full HD IPS Display, 8th Gen Intel Core i3-8145U, 4GB DDR4, 128GB PCIe Nvme SSD, Backlit Keyboard, Windows 10 in S Mode, A515-54-30BQ",$349.99,4.4 out of 5 stars
"2019 Lenovo S145 15.6"" FHD Premium Laptop Computer, 8th Gen Intel Quad-Core i7-8565U Up to 4.6GHz, 12GB DDR4 RAM, 256GB SSD, 802.11ac WiFi, Bluetooth, USB 3.0, HDMI, Gray, Windows 10 Home",$744.00,3.9 out of 5 stars
"2019 Lenovo Ideapad 330 15.6"" Touchscreen Laptop Computer, 8th Gen Intel Quad-Core i5-8250U Up to 3.4GHz (Beat i7-7500U), 8GB DDR4, 1TB HDD, DVDRW, Bluetooth 4.1, 802.11AC WiFi, HDMI, Windows 10",$573.00,3.9 out of 5 stars
"HP Stream 14-inch Laptop, AMD Dual-Core A4-9120E Processor, 4 GB SDRAM, 32 GB eMMC, Windows 10 Home in S Mode with Office 365 Personal for One Year (14-ds0040nr, Rose Pink)",$199.99,3.1 out of 5 stars
"ASUS Newest 11.6"" HD Laptop - Intel Celeron Processor, 4GB RAM, 32GB eMMC Flash Memory, HDMI, Bluetooth, Windows 10",$159.45,3.8 out of 5 stars
"Acer Chromebook R 11 Convertible Laptop, Celeron N3060, 11.6"" HD Touch, 4GB DDR3L, 32GB eMMC, C738T-C7KD",$207.20,3.9 out of 5 stars
"Beantech W11046ADB Laptop (Windows 10 Home, Intel Cherry Trail z8300, 11.6"" LCD Screen, Storage: 64 GB, RAM: 4 GB) Black",$219.99,2.2 out of 5 stars
"LG Gram 14T990-U.AAS8U1, 14” 2-in-1 Ultra-Lightweight Laptop with Intel Core i7 Processor and Wacom Pen, Silver","$1,199.99",4.2 out of 5 stars
"Acer Chromebook R 11 Convertible Laptop, Celeron N3060, 11.6"" HD Touch, 4GB DDR3L, 32GB eMMC, C738T-C7KD",$207.20,3.9 out of 5 stars
"2019 Lenovo 11.6"" HD IPS Touchscreen 2-in-1 Chromebook, Quad-Core MediaTek MT8173C (4C, 2X A72 + 2X A53), 4GB RAM, 32GB eMMC, 802.11ac WiFi, Bluetooth 4.2, HDMI, Type-C, Chrome OS",$224.00,4.4 out of 5 stars
"Microsoft  Surface Laptop 2 (Intel Core i5, 8GB RAM, 128GB) - Platinum",$813.99,4.0 out of 5 stars
"Microsoft Surface Laptop 3 – 13.5"" Touch-Screen – Intel Core i5 - 8GB Memory - 128GB Solid State Drive (Latest Model) – Platinum with Alcantara",$974.95,3.8 out of 5 stars
"Newest HP 15.6 inch HD Touchscreen Flagship Premium Laptop PC, Intel Core i5-7200U Dual-Core, 8GB RAM, 2TB HDD, Bluetooth, WIFI, DVD, Stereo Speakers, Windows 10 Home",$525.00,4.2 out of 5 stars
"HP ENVY 13 Inch Thin Laptop w/ Fingerprint Reader, 4K Touchscreen, Intel Core i7-8565U, NVIDIA GeForce MX250 Graphics, 16GB SDRAM, 512GB SSD, Windows 10 Home (13-aq0044nr, Natural Silver)","$1,149.99",3.9 out of 5 stars
"2019 HP 14, 14"" HD Thin & Light Flagship Laptop Computer, 7th Gen Intel Core i3-7100U 2.40GHz, 4GB DDR4 RAM, 128GB SSD, WiFi, Bluetooth, USB 3.1 Type-C, HDMI, Stereo Speakers, Windows 10",$299.99,4.6 out of 5 stars
"Lenovo IdeaPad S340 15.6"" Touchscreen Laptop - Intel Core i3 - 1080p 256GB M.2 NVMe SSD - 8GB DDR4 15.6"" Touchscreen LED-Backlit Full HD IPS (1920 x 1080) Display",$497.99,-1
"Newest Lenovo 15.6"" HD Flagship Laptop | Intel Pentium 5405U | 8GB RAM | 500GB HDD | Intel UHD Graphics 610 | WiFi | HDMI | USB 3.0 | Windows 10",$298.88,3.0 out of 5 stars
"LG Gram 17Z990-R.AAS9U1 Thin and Light Laptop, 17"" (2560 X 1600) IPS Display, Intel 8th Gen Core i7, 16GB RAM, 1TB (512GB x 2) Nvme SSD, Up to 19.5 Hour Battery, Thunderbolt 3, Dark Silver","$1,799.99",4.4 out of 5 stars
"Lenovo 100E Chromebook 2ND Gen Laptop, 11.6"" HD (1366 X 768) Display, MediaTek MT8173C Processor, 4GB LPDDR3 RAM, 16GB eMMC TLC SSD, Powervr GX6250, Chrome OS, 81QB000AUS, Black",$99.99,5.0 out of 5 stars
"Dell Inspiron 15 5000, 2019 15.6"" FHD Touchscreen Laptop, Intel 4-Core i5-8265U, 12GB RAM, 256GB PCIe SSD by 16GB Optane, 1TB HDD, Backlit KB Fingerprint Reader MaxxAudio Win 10/Accessories Bundle",$589.00,4.2 out of 5 stars
Goldengulf 10.1 Inch Computer Laptop PC Android 6.0 Quad Core Notebook Netbook 8GB with WiFi Webcam Netflix YouTube Google Player Flash Ultra Slim (Pink),$138.86,5.0 out of 5 stars
"2019 Newest Lenovo 14 Thin and Light Laptop PC: 14"" FHD Anti-Glare Display, AMD Dual Core A6-9220C, 4GB RAM, 64GB eMMC, WiFi, Bluetooth, HD Webcam, HDMI, USB-C, Windows 10 Pro Education",$178.00,-1
"Newest HP 15 15.6"" HD Touchscreen Premium Laptop - Intel Core i5-7200U, 8GB DDR4, 2TB HDD, DVD+RW, HDMI, Webcam, Wi-Fi AC + Bluetooth 4.2, Gigabit Ethernet RJ-45, Windows 10 - Silver",$520.00,3.9 out of 5 stars
"HP Pavilion 15 15.6"" IPS Touchscreen Full HD (1920x1080) Business Laptop - 8th Gen Intel Quad-Core i5-8250U, 8GB DDR4, 1TB HDD, USB Type-C, FHD IR Webcam, WiFi AC, HDMI, Ethernet RJ-45, Windows 10",$547.50,3.9 out of 5 stars
"HP 15.6"" HD Touch-Screen Laptop Notebook Computer, AMD Quad Core Ryzen 5 3500U up to 3.7GHz, 8GB DDR4, 128GB SSD PCI-e, AMD Radeon Vega 8, USB 3.0, Webcam, DVD-RW, HDMI, Windows 10, Silver",$415.00,4.0 out of 5 stars
"2019 Newest HP Pavilion 15 15.6"" HD Touchscreen Business Laptop Intel Quad-Core i5-8250U, 16GB DDR4, 512GB SSD, Type-C, HDMI, WiFi AC, UHD, Windows 10",$633.99,3.9 out of 5 stars
"Lenovo Ideapad Premium 15.6 Inch Laptop 2019 Notebook Computer, AMD A6-9225 2.6GHz, 8GB DDR4 RAM, 1TB HDD, DVD-RW, Wi-Fi, Bluetooth, Webcam, USB 3.0, HDMI, Windows 10 W/ 29.9 Accessories Bundle",$310.00,3.7 out of 5 stars
"LG gram Laptop - 15.6"" Full HD Display, Intel 8th Gen Core I5, 8GB RAM, 256GB SSD, 21.5 HRs Battery - 15Z990-U.AAS5U1 (2019), Dark Silver",$946.99,4.3 out of 5 stars
"Beantech W11046ADB Laptop (Windows 10 Home, Intel Cherry Trail z8300, 11.6"" LCD Screen, Storage: 64 GB, RAM: 4 GB) Black",$219.99,2.2 out of 5 stars
"LG Gram 14T990-U.AAS8U1, 14” 2-in-1 Ultra-Lightweight Laptop with Intel Core i7 Processor and Wacom Pen, Silver","$1,199.99",4.2 out of 5 stars
"Acer Chromebook R 11 Convertible Laptop, Celeron N3060, 11.6"" HD Touch, 4GB DDR3L, 32GB eMMC, C738T-C7KD",$207.20,3.9 out of 5 stars
"LG gram Laptop - 15.6"" Full HD Display, Intel 8th Gen Core I5, 8GB RAM, 256GB SSD, 21.5 HRs Battery - 15Z990-U.AAS5U1 (2019), Dark Silver",$946.99,4.3 out of 5 stars
"Lenovo 100E Chromebook 2ND Gen Laptop, 11.6"" HD (1366 X 768) Display, MediaTek MT8173C Processor, 4GB LPDDR3 RAM, 16GB eMMC TLC SSD, Powervr GX6250, Chrome OS, 81QB000AUS, Black",$99.99,5.0 out of 5 stars
"HP Stream 11-Inch Laptop, Intel X5-E8000 Processor, 4 GB RAM, 32 GB eMMC, Windows 10 Home in S Mode with Office 365 Personal and 1 TB Onedrive Storage for One Year (11-ak1020nr, Diamond White)",$179.99,3.9 out of 5 stars
"HP 15.6-Inch High Performance HD Laptop (Intel Quad Core Pentium N3710 Processor up to 2.5 GHz, 8GB RAM, 500GB HDD, SuperMulti DVD, Wifi, HDMI, Webcam, Windows 10-silver)",$319.95,3.6 out of 5 stars
"Lenovo Ideapad Premium 15.6"" Laptop Notebook Computer 2019 New, AMD A9-9425 Up to 3.7GHz, 8GB RAM, 1TB HDD, DVD-RW, Wi-Fi, Bluetooth, Webcam, USB 3.0, HDMI, Windows 10 W/ 29.9 Value Accessories Bundle",$280.00,3.5 out of 5 stars
"Lenovo IdeaPad 15.6"" HD Laptop Intel Core i5-8250U HDMI 802.11 AC Windows 10, Blue (128GB SSD | 8GB DDR4 | Windows 10 Home)",$469.99,3.6 out of 5 stars
"ASUS VivoBook S Ultra Thin and Portable Laptop, Intel Core i7-8550U Processor, 8GB DDR4 RAM, 128GB SSD+1TB HDD, 15.6” FHD WideView Display, ASUS NanoEdge Bezel, S510UA-DS71",$799.99,4.1 out of 5 stars
"2018 Dell Inspiron 15 15.6 Inch Flagship Notebook Laptop Computer (Intel Core i5-7200U 2.5GHz, 8GB DDR4 RAM, 256GB SSD, MaxxAudio Sound, Intel HD Graphics 620, HD Webcam, Windows 10)",$458.00,4.3 out of 5 stars
"2019 Newest Lenovo IdeaPad 15.6"" HD High Performance Laptop PC | AMD A6-9225 Dual-Core 2.60 GHz| 4GB RAM | 500GB HDD | 802.11ac | Bluetooth | DVD+/-RW | HDMI | Win 10",$239.99,3.0 out of 5 stars
"2019 New HP 15.6"" HD Touch-Screen Laptop Notebook Computer, Intel Pentium Quad-Core N5000 (max 2.6 GHz, Beat i3-7100U), 4GB RAM, 1TB HDD, Bluetooth, Wi-Fi, HDMI, Webcam, Win 10",$307.90,3.2 out of 5 stars
"ASUS Chromebook C425 Clamshell Laptop, 14"" FHD 4-Way NanoEdge, Intel Core M3-8100Y Processor, 8GB RAM, 64GB eMMC Storage, Backlit KB, Silver, Chrome OS, C425TA-DH384",$379.99,3.8 out of 5 stars
"Dell 15.6"" Inspiron 15 5000 5570 Notebook Intel Core i5 (8th Gen) i5-7200U 8GB DDR4 SDRAM 1TB HDD Windows 10 Pro 64-bit (English)",$465.00,-1
"Newest HP High Performance 15.6” HD Touch-Screen Notebook Computer with Intel Pentium N5000 Processor, 4GB_RAM, 1TB Hard Drive, Webcam, WiFi and Bluetooth, HDMI, Windows 10 (Black)",$313.89,3.3 out of 5 stars
Dell Inspiron 15.6” Touch Screen Intel Core i3 128GB Solid State Drive Laptop,$324.80,4.0 out of 5 stars
"14.1"" Full HD Windows Laptop PC (Windows 10, 4GB RAM, Dual Band 5GHz WiFi (2X WiFi Speeds), T90B+ Pro Model, Lapbook, Intel Quad-Core, USB 3.0, Bluetooth, Laptop Compute (64GB)",$229.97,3.9 out of 5 stars
"Flagship Newest 2019 Lenovo Ideapad 15.6"" HD Laptop AMD A6-9225 8GB RAM 512GB SSD AMD Radeon R4 DVDRW 802.11ac Webcam Bluetooth Win 10",$341.00,3.3 out of 5 stars
"MSI Alpha 15 A3DD-004 15.6"" 144Hz Gaming Laptop AMD Ryzen7-3750H Redeon RX5500M 16GB 512GB NVMe SSD Win10","$1,099.00",1.0 out of 5 stars
"ASUS ZenBook 13 Ultra-Slim Durable Laptop 13.3” FHD Wideview, Intel Core i7-8565U Up to 4.6GHz, 16GB RAM, 512GB PCIe SSD + TPM Security Chip, Numberpad, Windows 10 Pro - UX333FA-AB77, Royal Blue",$998.48,3.7 out of 5 stars
"LG Gram 17Z990-R.AAS9U1 Thin and Light Laptop, 17"" (2560 X 1600) IPS Display, Intel 8th Gen Core i7, 16GB RAM, 1TB (512GB x 2) Nvme SSD, Up to 19.5 Hour Battery, Thunderbolt 3, Dark Silver","$1,799.99",4.4 out of 5 stars
"Beantech W11046ADB Laptop (Windows 10 Home, Intel Cherry Trail z8300, 11.6"" LCD Screen, Storage: 64 GB, RAM: 4 GB) Black",$219.99,2.2 out of 5 stars
"Lenovo 100E Chromebook 2ND Gen Laptop, 11.6"" HD (1366 X 768) Display, MediaTek MT8173C Processor, 4GB LPDDR3 RAM, 16GB eMMC TLC SSD, Powervr GX6250, Chrome OS, 81QB000AUS, Black",$99.99,5.0 out of 5 stars
"Acer Chromebook 11 N7, Celeron N3060, 11.6"" HD, 4GB LPDDR3, 32GB eMMC, Google Chrome, C731-C118",$149.99,4.4 out of 5 stars
"Jumper EZbook X3 Windows 10 Laptop, Slim Laptop 13.3'' HD PC Laptop Intel N3350 6GB 64GB eMMC 2.4G/5G WiFi",$177.65,4.3 out of 5 stars
"New 2019 Flagship ASUS X441BA - 14"" HD AMD A6-9225 up to 3.0GHz, 4GB DDR4 RAM, 500GB HDD, AMD Radeon R4, WiFi, Bluetooth, USB 3.1 Type-C, HDMI, Silver Gradient, Windows 10 Home",$190.98,3.0 out of 5 stars
"LG Gram 17Z990-R.AAS9U1 Thin and Light Laptop, 17"" (2560 X 1600) IPS Display, Intel 8th Gen Core i7, 16GB RAM, 1TB (512GB x 2) Nvme SSD, Up to 19.5 Hour Battery, Thunderbolt 3, Dark Silver","$1,799.99",4.4 out of 5 stars
The Laptop Millionaire: How Anyone Can Escape the 9 to 5 and Make Money Online,$0.00,4.3 out of 5 stars
"HP Gaming 15-EC0013DX - 15.6"" FHD - AMD Ryzen 5 3550H - NVIDIA GTX 1050-8GB - 256GB SSD",$0,-1
"HP Stream 14-inch Laptop, Intel Celeron N4000, 4 GB RAM, 64 GB eMMC, Windows 10 Home in S Mode (14-cb159nr, Jet Black)",$229.99,3.7 out of 5 stars
"2019 Newest Lenovo 130-15AST 15.6"" Laptop AMD A9-Series, 4GB DDR4 RAM, 128GB SSD, Wi-Fi, HDMI, Bluetooth, Windows 10, Black",$233.00,3.5 out of 5 stars
"2019 New Dell Inspiron 11 Chromebook , 11.6"" HD Non-Touchscreen Display, Intel Celeron Dual Core N3060 Processor, 4GB Ram, 16GB eMMc Flash Memory, WiFi, HDMI, USB3.0, Chrome OS",$144.79,4.1 out of 5 stars
"Dell Inspiron 14"" FHD IPS Anti-Glare LED-Backlit Laptop, Intel Quad-Core i5-8265U up to 3.9GHz, 8GB DDR4, 256GB NVME SSD, 802.11ac, Bluetooth, Webcam, Backlit Keyboard, USB 3.1-C, HDMI, Windows 10",$559.99,-1
"New Apple MacBook Pro (13-inch, 8GB RAM, 128GB Storage) - Silver","$1,099.99",4.4 out of 5 stars
"Premium HP Envy 13 Laptop Computer 13.3"" FHD IPS Touchscreen, 8th Gen Intel Quad-Core i7-8565U 16GB RAM 512GB PCIe SSD 2GB Nvidia GeForce MX250 Backlit KB B&O USB-C WiFi Fingerprint Reader Win 10","$1,099.00",-1
"Acer Chromebook R 11 Convertible Laptop, Celeron N3060, 11.6"" HD Touch, 4GB DDR3L, 32GB eMMC, C738T-C7KD",$207.20,3.9 out of 5 stars
"Beantech W11046ADB Laptop (Windows 10 Home, Intel Cherry Trail z8300, 11.6"" LCD Screen, Storage: 64 GB, RAM: 4 GB) Black",$219.99,2.2 out of 5 stars
Dell Inspiron 17 5000 Series 17.3inch Full HD Display AMD Ryzen 3 Radeon Vega3 Graphics 2.50GHz 8GB RAM 1TB Hard Drive Windows 10,$488.60,5.0 out of 5 stars
"2019 Dell Inspiron 15.6"" Laptop Computer, 8th Gen Intel Quad-Core i7-8565U up to 4.6GHz, 16GB DDR4 RAM, 512GB SSD, 802.11AC WiFi, Bluetooth 4.1, USB 3.1, HDMI, Windows 10 Home",$682.95,2.0 out of 5 stars
"2019 HP 15.6"" HD Touchscreen Flagship Premium Laptop Computer, Intel Core i5-7200U Up to 3.1GHz, 8GB DDR4 RAM, 2TB HDD + 512GB SSD, DVDRW, 802.11AC WiFi, Bluetooth 4.2, USB 3.1, HDMI, Windows 10 Home",$615.98,4.2 out of 5 stars
"2019 ASUS 14"" Premium High Performance Laptop Computer| AMD A6-9225 up to 3.0GHz| 4GB DDR4 RAM| 500GB HDD| AMD Radeon R4| WiFi| Bluetooth| USB 3.1 Type-C| HDMI| Silver Gradient| Windows 10 Home|",$194.99,3.5 out of 5 stars
"HP Pavilion 15.6’’ Touchscreen HD WLED-Backlit Display Laptop, AMD Ryzen 3 2200U 2.5GHz Processor, AMD Radeon Vega 3 Graphics, 8GB DDR4 RAM, 1TB HDD, HDMI, Bluetooth, B & O Play, Windows 10 - Gold",$430.88,4.0 out of 5 stars
"LG Gram 14T990-U.AAS8U1, 14” 2-in-1 Ultra-Lightweight Laptop with Intel Core i7 Processor and Wacom Pen, Silver","$1,199.99",4.2 out of 5 stars
"LG gram Laptop - 15.6"" Full HD Display, Intel 8th Gen Core I5, 8GB RAM, 256GB SSD, 21.5 HRs Battery - 15Z990-U.AAS5U1 (2019), Dark Silver",$946.99,4.3 out of 5 stars
"Acer Chromebook R 11 Convertible Laptop, Celeron N3060, 11.6"" HD Touch, 4GB DDR3L, 32GB eMMC, C738T-C7KD",$207.20,3.9 out of 5 stars
"Lenovo 100E Chromebook 2ND Gen Laptop, 11.6"" HD (1366 X 768) Display, MediaTek MT8173C Processor, 4GB LPDDR3 RAM, 16GB eMMC TLC SSD, Powervr GX6250, Chrome OS, 81QB000AUS, Black",$99.99,5.0 out of 5 stars
"Dell - Inspiron 15.6"" Laptop - Intel Core i3 - 8GB Memory - 1TB Hard Drive - Black",$360.00,2.7 out of 5 stars
"Newest HP High Performance 15.6” HD Touch-Screen Notebook Computer with Intel Pentium N5000 Processor, 4GB_RAM, 1TB Hard Drive, Webcam, WiFi and Bluetooth, HDMI, Windows 10 (Black)",$313.89,3.3 out of 5 stars
"Dell Inspiron i3000-10099SLV 11.6 Inch Touchscreen 2-in-1 Laptop (Intel Pentium, 4 GB RAM, 500 GB HDD, Moonlight Silver)",$0,2.9 out of 5 stars
"ASUS VivoBook Flip 14 Thin and Light 2-in-1 HD Touchscreen Laptop, Intel 2.6GHz Processor, 4GB RAM, 64GB Storage, Windows 10 in S Mode (Switchable to Win 10 Home), 1 Year Office 365 - J401MA-YS02",$349.99,3.8 out of 5 stars
"Dell A6-9220e Inspiron Flagship High Performance Laptop, 11.6""",$188.00,2.7 out of 5 stars
2 in 1 Laptop jumper x1 Windows 10 Laptop FHD Touchscreen Display Laptop Computer 11.6 inch 4GB RAM 128GB SSD (128GB),$269.90,4.3 out of 5 stars
"HP - 15-db0031nr Laptop/AMD A9-9425/4GB/1TB HDD/15.6"" Flat HD (1366x768)/AMD Radeon R5/Windows 10 Home",$284.98,-1
"Lenovo Ideapad 320 15.6 inch HD Flagship High Performance Laptop PC, Intel Celeron N3350 Dual-Core, 4GB RAM, 128GB SSD, Bluetooth 4.1, WIFI, DVD RW, Windows 10 Home (Purple)",$0,3.2 out of 5 stars
"Beantech W11046ADB Laptop (Windows 10 Home, Intel Cherry Trail z8300, 11.6"" LCD Screen, Storage: 64 GB, RAM: 4 GB) Black",$219.99,2.2 out of 5 stars
"LG Gram 17Z990-R.AAS9U1 Thin and Light Laptop, 17"" (2560 X 1600) IPS Display, Intel 8th Gen Core i7, 16GB RAM, 1TB (512GB x 2) Nvme SSD, Up to 19.5 Hour Battery, Thunderbolt 3, Dark Silver","$1,799.99",4.4 out of 5 stars
"Dell Inspiron 15 5000 15.6-inch Touchscreen FHD 1080p Premium Laptop, Intel Quad Core i5-8250U Processor, 12GB RAM, 1TB Hard Drive, DVD Writer, Backlit Keyboard, Bluetooth, Silver",$628.00,3.8 out of 5 stars
"Poldark, Season 1",$1.99,4.8 out of 5 stars
"HP Chromebook 14, 14"" Full HD Display, Intel Celeron N3350, Intel HD Graphics 500, 32GB eMMC, 4GB SDRAM, B&O Play Audio, Snow White, 14-ca051wm",$203.56,4.5 out of 5 stars
"ASUS VivoBook Flip Laptop, 11.6"" Touch Screen, Intel Pentium, 4GB Memory, 128GB Solid State Drive, Windows 10 Home in S Mode, TP202NA-OS21T",$289.99,5.0 out of 5 stars
"2019 HP Flagship 15.6"" HD Touchscreen Backlit Keyboard Laptop PC | 8th Gen Intel Core i5-8250U Quad-Core | 8GB DDR4 | 1TB HDD + 128GB SSD (boot) | Bluetooth | WIFI | DVD RW | Windows 10 home",$574.45,4.3 out of 5 stars
"ASUS_Newest 11.6"" HD Laptop - Intel Celeron Processor, 32GB eMMC Flash Memory, HDMI, Bluetooth, Windows 10 (4GB RAM)",$155.00,3.7 out of 5 stars
"Dell Inspiron C3181-C871BLK-PUS Laptop ( Chrome OS, Intel N3060, 11.6"" LCD Screen, Storage: 16 GB, RAM: 4 GB) Black",$143.90,3.9 out of 5 stars
"Acer Chromebook 11 N7, Celeron N3060, 11.6"" HD, 4GB LPDDR3, 32GB eMMC, Google Chrome, C731-C118",$149.99,4.4 out of 5 stars
"LG gram Laptop - 15.6"" Full HD Display, Intel 8th Gen Core I5, 8GB RAM, 256GB SSD, 21.5 HRs Battery - 15Z990-U.AAS5U1 (2019), Dark Silver",$946.99,4.3 out of 5 stars
"LG Gram 14T990-U.AAS8U1, 14” 2-in-1 Ultra-Lightweight Laptop with Intel Core i7 Processor and Wacom Pen, Silver","$1,199.99",4.2 out of 5 stars
"Acer Chromebook R 11 Convertible Laptop, Celeron N3060, 11.6"" HD Touch, 4GB DDR3L, 32GB eMMC, C738T-C7KD",$207.20,3.9 out of 5 stars
"Lenovo 100E Chromebook 2ND Gen Laptop, 11.6"" HD (1366 X 768) Display, MediaTek MT8173C Processor, 4GB LPDDR3 RAM, 16GB eMMC TLC SSD, Powervr GX6250, Chrome OS, 81QB000AUS, Black",$99.99,5.0 out of 5 stars
"HP 14-bs153od Laptop, 14"" Screen, Intel Celeron, 4GB Memory, 64GB eMMC, Windows 10 Home",$221.46,5.0 out of 5 stars
"ASUS Chromebook C425 Clamshell Laptop, 14"" FHD 4-Way NanoEdge, Intel Core M3-8100Y Processor, 8GB RAM, 64GB eMMC Storage, Backlit KB, Silver, Chrome OS, C425TA-DH384",$379.99,3.8 out of 5 stars
"Newest HP 15.6 inch HD Touchscreen Flagship Premium Laptop PC, Intel Core i5-7200U Dual-Core, 8GB RAM, 2TB HDD, Bluetooth, WIFI, DVD, Stereo Speakers, Windows 10 Home",$525.00,4.2 out of 5 stars
"Dell Latitude 3150 11.6"" HD Laptop, Celeron N2840 2.16GHz, 8GB, 128GB Solid State Drive, Windows 10 Home 64Bit, CAM, (Certified Refurbished)",$165.00,-1
"2019 HP Stream 14” FHD Laptop Computer, Intel Celeron N3060 up to 2.48GHz, 4GB RAM, 64GB SSD, 802.11ac WiFi, Bluetooth, HDMI, 1-Year Office 365, Windows 10",$229.00,3.7 out of 5 stars
"2019 Lenovo Thinkpad E590 15.6"" HD Business Laptop (Intel Quad Core i5-8265U, 8GB DDR4 Memory, Toshiba XG5 256GB PCIe 3.0(x4) NVMe SSD M.2 SSD) Type-C, HDMI, Ethernet, Webcam, Windows 10 Pro",$636.89,4.0 out of 5 stars
"2019 ASUS 15.6"" High Performance Laptop Computer, AMD Quad-Core A12-9720P Processor up to 3.6GHz, 8GB DDR4 RAM, 128GB SSD, AMD Radeon R7 Graphics, WiFi, Bluetooth, USB 3.0, HDMI, Windows 10 Home",$350.01,3.7 out of 5 stars
"ASUS 15.6"" Gaming Laptop Ryzen 5, 16GB RAM, 256GB SSD, GTX 1050, 4 Cores up to 3.7GHz Processor, DDR4, Backlit Keyboard, Wi-Fi, 1920x1080, HDMI, Webcam",$669.00,4.3 out of 5 stars
"LG gram Laptop - 15.6"" Full HD Display, Intel 8th Gen Core I5, 8GB RAM, 256GB SSD, 21.5 HRs Battery - 15Z990-U.AAS5U1 (2019), Dark Silver",$946.99,4.3 out of 5 stars
"LG Gram 17Z990-R.AAS9U1 Thin and Light Laptop, 17"" (2560 X 1600) IPS Display, Intel 8th Gen Core i7, 16GB RAM, 1TB (512GB x 2) Nvme SSD, Up to 19.5 Hour Battery, Thunderbolt 3, Dark Silver","$1,799.99",4.4 out of 5 stars
"2019 Lenovo IdeaPad 330 15.6"" HD High Performance Laptop PC, Intel Pentium N5000 Quad-Core Processor, 4GB RAM, 500GB HDD, DVD, HDMI, Windows 10 Home, Platinum Gray",$266.41,3.2 out of 5 stars
"2017 Dell Inspiron 15.6 LED-Backlit HD Laptop - Intel Dual-Core i3-7100U 2.4GHz, 8GB RAM, 128GB SSD, DVDRW, WLAN, Bluetooth, HDMI, Webcam, 3-in-1 Card Reader, MaxxAudio, Win 10",$374.90,3.3 out of 5 stars
"2016 HP 15.6-inch Laptop PC, Intel Celeron N3050 Processor, 4GB DDR3L RAM, 500GB Hard Drive, HD graphics, SuperMulti DVD Burner, HDMI, Wifi, Windows 10",$269.99,3.8 out of 5 stars
"2018 Lenovo ideapad 320 15.6"" LED-backlit Display Laptop, Intel Celeron N3350 Dual-Core Processor, 4GB RAM, 1TB HDD, DVD-RW, WIFI, Bluetooth, HDMI, Intel HD Graphics 500, Windows 10, Purple",$344.00,3.1 out of 5 stars
"BMAX 2 in 1 Convertible Laptop, 11.6-inch FHD IPS Touchscreen, Intel Quad Core N4100, 8GB LPDDR4, 256GB SSD, WiFi, Bluetooth, USB-C, Windows 10, Thin and Light All-Metal Body, Space Grey",$369.99,4.0 out of 5 stars
"HP Chromebook 14-inch Laptop with 180-Degree Axis, Intel Celeron N3350 Processor, 4 GB RAM, 32 GB eMMC Storage, Chrome OS (14-ca050nr, White)",$204.92,3.5 out of 5 stars
"2019 Premium Dell Latitude E7240 Ultrabook 12.5 Inch Business Laptop (Intel Dual Core i5-4200U up to 2.6GHz, 12GB DDR3 RAM, 512GB SSD, Intel HD 4400, WiFi, HDMI, Windows 10 Pro) (Renewed)",$424.30,-1
Lenovo Laptop Windows 10 Intel Core i3-8130U Dual-Core Processor 4GB RAM 1TB Hard Drive 81DE00LAUS,$324.99,3.9 out of 5 stars
"Beantech W11046ADB Laptop (Windows 10 Home, Intel Cherry Trail z8300, 11.6"" LCD Screen, Storage: 64 GB, RAM: 4 GB) Black",$219.99,2.2 out of 5 stars
"LG Gram 14T990-U.AAS8U1, 14” 2-in-1 Ultra-Lightweight Laptop with Intel Core i7 Processor and Wacom Pen, Silver","$1,199.99",4.2 out of 5 stars
"Acer Chromebook R 11 Convertible Laptop, Celeron N3060, 11.6"" HD Touch, 4GB DDR3L, 32GB eMMC, C738T-C7KD",$207.20,3.9 out of 5 stars
"Lenovo 100E Chromebook 2ND Gen Laptop, 11.6"" HD (1366 X 768) Display, MediaTek MT8173C Processor, 4GB LPDDR3 RAM, 16GB eMMC TLC SSD, Powervr GX6250, Chrome OS, 81QB000AUS, Black",$99.99,5.0 out of 5 stars
"Newest Premium Flagship HP Pavilion 15.6"" HD Widescreen LED Notebook Laptop Computer, AMD A6-9225 up to 3.0GHz, 8GB DDR4, 1TB HDD, AMD Radeon R4, DVDRW, Webcam, HDMI, WiFi, Bluetooth, Windows 10",$353.00,3.4 out of 5 stars
"2019 Newest Lenovo Premium IdeaPad S145 15.6 Inch Laptop (AMD A6-9225 up to 3.1GHz, 4GB DDR4 RAM, 500GB HDD, AMD Radeon R4, WiFi, Bluetooth, HDMI, Webcam, Windows 10) (Black)",$349.99,-1
"MSI Gaming GL73 Laptop, 17.3"" FHD Display, Intel Core i5-9300H Upto 4.1GHz, 32GB RAM, 1TB NVMe SSD, NVIDIA GeForce GTX 1050 Ti, HDMI, Mini DisplayPort, Card Reader, Wi-Fi, Bluetooth, Windows 10 Pro","$1,179.99",-1
"Inspiron Laptop, Dell 2019 Flagship 15.6"" Full HD Touchscreen Inspiron 15 5000, Intel Quad-Core i7-8550U, 16GB DDR4, 512GB PCIe SSD, 1TB HDD, 802.11ac Bluetooth 4.2 MaxxAudio Backlit Keyboard Win 10",$879.00,3.8 out of 5 stars
My Mother's Laptop,$0,-1
"2019 Newest Lenovo IdeaPad 15.6"" HD Laptop PC: AMD Dual Core A4-9125, 8GB RAM, 128GB SSD, WiFi, Bluetooth, Webcam, HDMI, Dolby Audio, Windows 10",$349.00,4.7 out of 5 stars
"HP Notebook 15.6"" HD WLED-backlit Screen Laptop, Intel Core i3-7100U 2.40GHz Dual-Core Processor, 12GB RAM, 128GB M.2 SSD + 1TB HDD, HDMI, Wireless-AC, Bluetooth 4.2, Windows 10 Home, Silver and Black",$434.61,-1
"Asus ZenBook 13 Ultra-Slim Laptop, 13.3” Full HD Wideview, 8th Gen Intel Core I5-8265U, 8GB LPDDR3, 512GB PCIe SSD, Backlit KB, Fingerprint, Slate Gray, Windows 10, UX331FA-AS51",$783.00,3.8 out of 5 stars
"LG gram Laptop - 15.6"" Full HD Display, Intel 8th Gen Core I5, 8GB RAM, 256GB SSD, 21.5 HRs Battery - 15Z990-U.AAS5U1 (2019), Dark Silver",$946.99,4.3 out of 5 stars
"LG Gram 17Z990-R.AAS9U1 Thin and Light Laptop, 17"" (2560 X 1600) IPS Display, Intel 8th Gen Core i7, 16GB RAM, 1TB (512GB x 2) Nvme SSD, Up to 19.5 Hour Battery, Thunderbolt 3, Dark Silver","$1,799.99",4.4 out of 5 stars
"Dell Inspiron 15.6-inch HD Display Laptop PC, Intel Core i3-7130U 2.7GHz Processor, 8GB DDR4, 128GB SSD, Stereo Speakers, WiFi, Bluetooth, MaxxAudio, HDMI, No DVD, Intel HD Graphics 620, Windows 10",$329.95,4.2 out of 5 stars
"Dell Latitude E7470 14in Laptop, Core i5-6300U 2.4GHz, 8GB Ram, 256GB SSD, Windows 10 Pro 64bit (Renewed)",$293.49,3.3 out of 5 stars
"2019 Newest HP 14"" HD SVA BrightView Micro-Edge WLED-Backlit Touchscreen Laptop, Intel Core i3-8145U Processor up to 3.90GHz, 8GB RAM, 256GB M.2 SSD, HDMI, Wi-Fi, Bluetooth 4.2, Windows 10, Pale Gold",$362.60,1.0 out of 5 stars
"Newest HP 14"" HD Premium Business Laptop PC | 10th Gen Intel Quad-Core i5-1035G1 up to 3.6GHz | 8GB RAM | 256GB SSD | WiFi | HDMI | Card Reader | Bluetooth | Windows 10 | Silver",$476.98,-1
"HP Envy 17.3"" FHD Touchscreen Laptop Computer| 8th Gen Intel Quad-Core i7-8565U Up to 4.6GHz| 16GB DDR4 RAM| 1TB SSD + 16GB Optane| DVDRW| GeForce MX250 4GB| 802.11AC WiFi| Windows 10|","$1,249.00",5.0 out of 5 stars
"2019 HP Probook 450 G6 15.6"" HD Business Laptop (Intel Quad-Core i5-8265U, 16GB DDR4 RAM, 256GB PCIe NVMe M.2 SSD + 1TB HDD, UHD 620) Backlit, USB Type-C, RJ45, HDMI, Windows 10 Pro Professional",$704.90,4.4 out of 5 stars
"HP Stream 14-inch Laptop, AMD Dual-Core A4-9120E Processor, 4 GB SDRAM, 64 GB eMMC, Windows 10 Home in S Mode with Office 365 Personal for One Year (14-ds0040nr, Rose Pink)",$229.99,3.3 out of 5 stars
"ASUS VivoBook Pro 17 Thin and Portable Laptop, 17.3” FHD, Intel Core i7-8565U, GeForce GTX 1050, 16GB DDR4, 256GB SSD+1TB, Wi-Fi 5, Backlit KB, FP Reader, Windows 10 - N705FD-ES76, Gaming Capable",$969.99,3.6 out of 5 stars
"Beantech W11046ADB Laptop (Windows 10 Home, Intel Cherry Trail z8300, 11.6"" LCD Screen, Storage: 64 GB, RAM: 4 GB) Black",$219.99,2.2 out of 5 stars
"LG Gram 14T990-U.AAS8U1, 14” 2-in-1 Ultra-Lightweight Laptop with Intel Core i7 Processor and Wacom Pen, Silver","$1,199.99",4.2 out of 5 stars
"LG Gram 17Z990-R.AAS9U1 Thin and Light Laptop, 17"" (2560 X 1600) IPS Display, Intel 8th Gen Core i7, 16GB RAM, 1TB (512GB x 2) Nvme SSD, Up to 19.5 Hour Battery, Thunderbolt 3, Dark Silver","$1,799.99",4.4 out of 5 stars
"Lenovo 100E Chromebook 2ND Gen Laptop, 11.6"" HD (1366 X 768) Display, MediaTek MT8173C Processor, 4GB LPDDR3 RAM, 16GB eMMC TLC SSD, Powervr GX6250, Chrome OS, 81QB000AUS, Black",$99.99,5.0 out of 5 stars
"HP 15.6"" HD Touchscreen SVA WLED-Backlit Laptop | Intel Pentium Silver N5000 Quad Core | 8GB DDR4 Memory | 1TB HDD | WiFi | HDMI | Bluetooth 5 | Webcam | Card Reader | Windows 10 | Jet Black",$372.78,5.0 out of 5 stars
"HP Pavilion x360, Premium 2019 Flagship 11.6 inch HD IPS Touchscreen 2 in 1 Laptop, Intel Quad-Core Pentium Silver N5000, 4GB DDR4, 500GB HDD, HD Webcam Bluetooth 4.2 802.11ac USB 3.1 HDMI Win 10",$339.00,4.1 out of 5 stars
"HP 15-da1005dx - 15.6"" HD Touch - i7-8565U - 12GB Memory - 256GB SSD",$686.88,3.7 out of 5 stars
"Lenovo ThinkPad E590 15.6"" FHD (1920x1080) IPS Anti-Glare Display - Intel Core i7-8565U Processor, 16GB RAM, 1TB PCIe-NVMe SSD, 1TB Hard Drive, Windows 10 Pro 64-bit",$949.99,5.0 out of 5 stars
"Lenovo Flex 11 2-in-1 Convertible Laptop, 11.6 Inch HD Touchscreen Display, Intel Pentium Silver N5000 Processor, 4GB DDR4, 64 GB eMMC, Windows 10 in S mode, 81A70006US, Mineral Gray",$284.36,4.3 out of 5 stars
"Dell Vostro 15 5581 Business Laptop, 15.6"" Intel i5-8265U, 12GB DDR4 RAM, 512GB SSD, WiFi, HDMI, Webcam, Bluetooth, Windows 10 Pro",$658.90,-1
"2019 ASUS VivoBook F510QA 15.6” WideView FHD Laptop Computer, AMD Quad-Core A12-9720P up to 3.6GHz, 4GB DDR4 RAM, 128GB SSD , USB 3.0, 802.11ac WiFi, HDMI, Windows 10",$298.00,3.8 out of 5 stars
"2019 Lenovo Flex 6 14 Inch 2-in-1 Touchscreen FHD 1080P Laptop (8th Gen Inter 4-Core i7-8550U up to 4.0GHz, 16GB DDR4 RAM, 512GB SSD, Intel HD Graphics 620, Backlit KB, WiFi, Bluetooth, Windows 10)",$865.97,-1
"LG gram Laptop - 15.6"" Full HD Display, Intel 8th Gen Core I5, 8GB RAM, 256GB SSD, 21.5 HRs Battery - 15Z990-U.AAS5U1 (2019), Dark Silver",$946.99,4.3 out of 5 stars
"Acer Chromebook R 11 Convertible Laptop, Celeron N3060, 11.6"" HD Touch, 4GB DDR3L, 32GB eMMC, C738T-C7KD",$207.20,3.9 out of 5 stars
"HP 2019 Newest 15 15.6 Inch HD Laptop (Intel Dual Core i3-7100U 2.4 GHz, 8GB RAM, 1TB HDD, Intel UHD Graphics 620, WiFi, HDMI, Bluetooth, Windows 10) (Silver)",$365.89,2.8 out of 5 stars
"2019 Premium Dell Latitude E7440 Ultrabook 14.1 Inch Business Laptop (Intel Dual Core i5-4300U up to 2.9GHz, 16GB DDR3L RAM, 512GB SSD, Intel HD 4400, WiFi, HDMI, Windows 10 Pro, Gray) (Renewed)",$479.00,-1
"Asus ROG Strix Scar II Gaming Laptop, 17.3” 144Hz IPS-Type FHD, NVIDIA GeForce RTX 2070 8GB, Intel Core i7-8750H Processor, 16GB DDR4 RAM, 512GB PCIe SSD + 1TB SSHD, RGB KB, Windows 10 - GL704GW-DS76","$2,199.99",4.0 out of 5 stars
HP 17-by0053od Core i3-8130U Dual-Core 2.2GHz 4GB 1TB DVDRW 17.3HD+ Notebook W10H w/Cam & BT (Gray),$365.00,5.0 out of 5 stars
"HP 15.6"" HD Laptop PC Intel i3-7100u 2.4GHz 4GB Memory Dual Hard Drive (128GB SSD+1TB HDD) HDMI Webcam WiFi Bluetooth USB3.0 USB2.0 Windows 10- Silver",$363.00,5.0 out of 5 stars
"HP Stream 14-inch Laptop, Intel Celeron N3060 Processor, 4 GB SDRAM Memory, 32 GB eMMC storage, Windows 10 Home in S Mode with Office 365 Personal for one year (14-cb010nr, Aqua Blue)",$166.90,3.8 out of 5 stars
"LG Gram 17Z990-R.AAS9U1 Thin and Light Laptop, 17"" (2560 X 1600) IPS Display, Intel 8th Gen Core i7, 16GB RAM, 1TB (512GB x 2) Nvme SSD, Up to 19.5 Hour Battery, Thunderbolt 3, Dark Silver","$1,799.99",4.4 out of 5 stars
"Omen by HP 2019 15-Inch Gaming Laptop, 9th Gen Intel i7-9750H, NVIDIA GeForce RTX 2070 with Max-Q (8 GB), 16 GB RAM, 512 GB Solid-State Drive, VR Ready, Windows 10 Home (15-dc1060nr, Shadow Black)","$1,499.99",-1
"Acer Chromebook R 11 Convertible Laptop, Celeron N3060, 11.6"" HD Touch, 4GB DDR3L, 32GB eMMC, C738T-C7KD",$207.20,3.9 out of 5 stars
"Beantech W11046ADB Laptop (Windows 10 Home, Intel Cherry Trail z8300, 11.6"" LCD Screen, Storage: 64 GB, RAM: 4 GB) Black",$219.99,2.2 out of 5 stars
"Lenovo 100E Chromebook 2ND Gen Laptop, 11.6"" HD (1366 X 768) Display, MediaTek MT8173C Processor, 4GB LPDDR3 RAM, 16GB eMMC TLC SSD, Powervr GX6250, Chrome OS, 81QB000AUS, Black",$99.99,5.0 out of 5 stars
"CUK ASUS ROG Strix Scar II GL704GW Gaming Laptop (Intel i7-8750H, 32GB RAM, 1TB NVMe SSD + 1TB HDD, NVIDIA RTX 2070 8GB, 17.3"" Full HD IPS 144Hz 3ms, Windows 10) Gamer Notebook Computer","$1,849.99",4.5 out of 5 stars
"2019 Lenovo ThinkPad X260 12.5"" IPS Anti-Glare HD Business Laptop (Intel Dual Core i5-6200U, 16GB DDR4 Memory, 256GB SSD) WiFi AC, Bluetooth, Fingerprint, Backlit, Ethernet, Windows 10 Professional",$739.99,4.9 out of 5 stars
"LG Gram 14T990-U.AAS8U1, 14” 2-in-1 Ultra-Lightweight Laptop with Intel Core i7 Processor and Wacom Pen, Silver","$1,199.99",4.2 out of 5 stars
"Lenovo 15.6"" ThinkPad E580 High Performance Business Laptop (Intel 8th Gen i7-8550U Quad-Core, 32GB RAM, 1TB Sata SSD, 15.6"" FHD 1920x1080 Anti-Glare IPS Display, Fingerprint, Win 10 Pro)",$0,4.1 out of 5 stars
"2019 HP - Spectre x360 2-in-1 13.3"" FHD Touch-Screen Laptop - Intel Core i7 - 16GB Memory - 512GB SSD - 13-AP0033DX - Posiedon Blue (Renewed) (HP Stylus Pen + Dock)","$1,129.00",4.0 out of 5 stars
"HP 14 Laptop, 14"" HD Display, Intel Pentium Gold 4417U 2.3GHz, 16GB RAM, 256GB NVMe SSD, HDMI, Card Reader, Wi-Fi, Bluetooth, Windows 10 Pro",$361.77,-1
"HP Newest 15 15.6"" HD Touchscreen Premium Laptop - Intel Dual Core i3-7100U, 8GB DDR4, 1TB HDD, DVD+RW, HDMI, WiFi AC + Bluetooth 4.2, Windows 10 - Gray",$408.80,3.1 out of 5 stars
"Asus ZenBook 3 Deluxe Ultraportable Laptop, 14"" Full HD, Intel Core i7-8550U, 16GB RAM Processor, 512GB Nvme SSD, Windows 10 Pro, Royal Blue, UX490UA",$999.99,2.9 out of 5 stars
"ASUS Vivobook K571 Laptop, 15.6” FHD, Intel Core i7-9750H CPU, NVIDIA GeForce GTX 1650, 16GB RAM, 256GB PCIe Nvme SSD + 1TB HDD, Windows 10 Home, K571GT-EB76, Star Black","$1,049.99",3.6 out of 5 stars
"LG Gram 17Z990-R.AAS9U1 Thin and Light Laptop, 17"" (2560 X 1600) IPS Display, Intel 8th Gen Core i7, 16GB RAM, 1TB (512GB x 2) Nvme SSD, Up to 19.5 Hour Battery, Thunderbolt 3, Dark Silver","$1,799.99",4.4 out of 5 stars
"LG gram Laptop - 15.6"" Full HD Display, Intel 8th Gen Core I5, 8GB RAM, 256GB SSD, 21.5 HRs Battery - 15Z990-U.AAS5U1 (2019), Dark Silver",$946.99,4.3 out of 5 stars
"ASUS VivoBook F510QA, 2019 Flagship 15.6"" Full HD WideView Laptop, AMD Quad-Core A12-9720P up to 3.6GHz, 20GB RAM, 1TB SSD, 2TB HDD, HDMI Fingerprint Reader BT 4.2 WiFi USB-C AMD Radeon R7 Win 10 S",$505.00,5.0 out of 5 stars
"Lenovo Ideapad 330 81D100EDUS Laptop (Windows 10, Intel Pentium N5000, 15.6"" LED Screen, Storage: 500 GB, RAM: 4 GB) Grey",$242.00,3.4 out of 5 stars
"Lenovo IdeaPad 130 Notebook, 15.6"" HD, AMD Dual-Core A9-9425 Upto 3.7GHz, 8GB RAM, 512GB SSD, DVD-RW, HDMI, Card Reader, Wi-Fi, Bluetooth, Windows 10 Pro",$0,3.1 out of 5 stars
"HP 2019 Newest 15 15.6 Inch HD Laptop (Intel Dual Core i3-7100U 2.4 GHz, 16GB RAM, 1TB HDD, Intel UHD Graphics 620, WiFi, HDMI, Bluetooth, Windows 10) (Silver)",$400.73,4.2 out of 5 stars
"Asus TUF Gaming Laptop, 15.6” Full HD IPS-Type, Intel Core i7-9750H, GeForce GTX 1650, 8GB DDR4, 512GB PCIe SSD, Gigabit Wi-Fi 5, Windows 10 Home, TUF505GT-AH73",$899.99,4.0 out of 5 stars
"GPD Pocket 2 Amber Black [Latest Update-256GB SSD Version] 7"" Touch Screen Windows 10 Mini Portable Laptop UMPC Tablet PC CPU Intel Celeron Processor 3965Y lntel HD Graphics 615 8GB RAM/256GB ROM",$599.99,4.1 out of 5 stars
"Dell - Inspiron 15.6"" Laptop - Intel Core i3 - 8GB Memory - 1TB Hard Drive - Black",$360.00,2.7 out of 5 stars
"Alienware M15-15.6"" FHD Gaming Laptop Thin and Light, i7-8750H Processor, NVIDIA GeForce Graphics Card, 16GB RAM, 1TB Hybrid HDD + 128GB SSD, 17.9mm Thick & 4.78lbs","$1,149.90",4.3 out of 5 stars
"Beantech W11046ADB Laptop (Windows 10 Home, Intel Cherry Trail z8300, 11.6"" LCD Screen, Storage: 64 GB, RAM: 4 GB) Black",$219.99,2.2 out of 5 stars
"LG Gram 14T990-U.AAS8U1, 14” 2-in-1 Ultra-Lightweight Laptop with Intel Core i7 Processor and Wacom Pen, Silver","$1,199.99",4.2 out of 5 stars
"LG Gram 17Z990-R.AAS9U1 Thin and Light Laptop, 17"" (2560 X 1600) IPS Display, Intel 8th Gen Core i7, 16GB RAM, 1TB (512GB x 2) Nvme SSD, Up to 19.5 Hour Battery, Thunderbolt 3, Dark Silver","$1,799.99",4.4 out of 5 stars
"Lenovo 100E Chromebook 2ND Gen Laptop, 11.6"" HD (1366 X 768) Display, MediaTek MT8173C Processor, 4GB LPDDR3 RAM, 16GB eMMC TLC SSD, Powervr GX6250, Chrome OS, 81QB000AUS, Black",$99.99,5.0 out of 5 stars
"2019 Lenovo Ideapad 130 15.6"" Premium Laptop Computer, AMD A9-9425 Dual-Core 3.1GHz, 8GB DDR4 RAM, 256GB SSD, DVDRW, 802.11AC WiFi, Bluetooth, AMD Radeon R5, HDMI, USB 3.0, Black, Windows 10 Home",$326.85,3.7 out of 5 stars
"HP Stream 14-Inch Touchscreen Laptop, AMD Dual-Core A4-9120E Processor, 4 GB SDRAM, 64 GB eMMC, Windows 10 Home in S Mode with Office 365 Personal for One Year (14-ds0100nr, Brilliant Black)",$269.99,-1
"HP Envy 13” Thin Laptop W/ Fingerprint Reader, FHD Touchscreen, 10th Gen Intel Core i7-10510U, 8GB SDRAM, 256GB Solid State Drive, Windows 10 Home (13-aq1010nr, Natural Silver)",$909.99,5.0 out of 5 stars
"Thin and Light 14"" Laptop HD 1920 1080 Intel Atom x5 E8000 Processor Windows 10 Home 1.04Ghz CPU,4GB RAM, 32GB eMMC,802.11a/b/g/n/ac WiFi, HDMI (Silver)",$169.99,5.0 out of 5 stars
"Apple MacBook Air Z0UU3LL/A Laptop (Mac OS High Sierra, 2.2GHz dual-core Intel Core i7, 13.3"" 4K UHD Screen, Storage: 128 GB, RAM: 8 GB) Silver",$0,4.4 out of 5 stars
"New Apple MacBook Air (13-inch, 8GB RAM, 128GB Storage) - Space Gray",$899.99,4.5 out of 5 stars
"HP Stream Laptop PC - 14"" HD, Intel Celeron N3060, 4 GB RAM, 32 GB eMMC, Office 365 Personal for one year - 14-ax010nr",$169.95,3.0 out of 5 stars
"Newest HP 14-inch Chromebook HD Touchscreen Laptop PC (Intel Celeron N3350 up to 2.4GHz, 4GB RAM, 32GB Flash Memory, WiFi, HD Camera, Bluetooth, Up to 10 hrs Battery Life, Chrome OS , Black )",$275.00,4.4 out of 5 stars
"LG gram Laptop - 15.6"" Full HD Display, Intel 8th Gen Core I5, 8GB RAM, 256GB SSD, 21.5 HRs Battery - 15Z990-U.AAS5U1 (2019), Dark Silver",$946.99,4.3 out of 5 stars
"Acer Chromebook R 11 Convertible Laptop, Celeron N3060, 11.6"" HD Touch, 4GB DDR3L, 32GB eMMC, C738T-C7KD",$207.20,3.9 out of 5 stars
"Asus ROG Strix G (2019) Gaming Laptop, 15.6” IPS Type FHD, NVIDIA GeForce GTX 1650, Intel Core i7-9750H, 16GB DDR4, 1TB PCIe Nvme SSD, RGB KB, Windows 10 Home, GL531GT-EB76","$1,085.00",4.2 out of 5 stars
"2019 Lenovo IdeaPad 330 15.6"" Touchscreen Laptop Computer, 8th Gen Intel Quad-Core i7-8550U up to 4.0GHz, 12GB DDR4 RAM, 1TB HDD, DVD-RW, 802.11AC WiFi, Bluetooth 4.1, USB-C, HDMI, Windows 10 Home",$678.90,5.0 out of 5 stars
"Lenovo Flex 5 81CA001WUS Intel Core i5 8th Gen 8250U (1.60 GHz) 8 GB Memory 512 GB PCIe SSD Intel UHD Graphics 620 15.6"" Touchscreen 1920 x 1080 Convertible 2-in-1 Laptop Windows 10 Home 64-bit -",$579.99,3.9 out of 5 stars
"Lenovo Ideapad L340 Gaming Laptop, 15.6 Inch FHD (1920 X 1080) IPS Display, Intel Core i5-9300H Processor, 8GB DDR4 RAM, 512GB Nvme SSD, NVIDIA GeForce GTX 1650, Windows 10, 81LK00HDUS, Black",$681.00,4.0 out of 5 stars
"Newest Lenovo Yoga 730 2-in-1 15.6"" Full HD IPS Multi-Touch LED Premium Laptop | Intel Core i7-8565U | 16GB DDR4 RAM | 512GB SSD | Fingerprint | Backlit Keyboard | Windows 10 Home | Abyss Blue","$1,049.00",5.0 out of 5 stars
"HP EliteBook 840 G3 Laptop 14"" FHD Display, Intel Core i5-6300U 2.4Ghz, 256GB SSD, 16GB DDR4 RAM, Webcam, WiFi, Windows 10 Pro (Renewed)",$309.99,-1
"Dell Inspiron 15 5000 15.6-inch Touchscreen FHD 1080p Premium Laptop, Intel Quad Core i5-8250U Processor, 12GB RAM, 1TB Hard Drive, DVD Writer, Backlit Keyboard, Bluetooth, Silver (Renewed)",$499.66,4.0 out of 5 stars
"Dell G5 15 Gaming Laptop (Windows 10 Home, 9th Gen Intel Core i7-9750H, NVIDIA GTX 1650, 15.6"" FHD LCD Screen, 256GB SSD and 1TB SATA, 16 GB RAM) G5590-7679BLK-PUS","$1,149.99",4.1 out of 5 stars
"Beantech W11046ADB Laptop (Windows 10 Home, Intel Cherry Trail z8300, 11.6"" LCD Screen, Storage: 64 GB, RAM: 4 GB) Black",$219.99,2.2 out of 5 stars
"LG Gram 14T990-U.AAS8U1, 14” 2-in-1 Ultra-Lightweight Laptop with Intel Core i7 Processor and Wacom Pen, Silver","$1,199.99",4.2 out of 5 stars
"LG Gram 17Z990-R.AAS9U1 Thin and Light Laptop, 17"" (2560 X 1600) IPS Display, Intel 8th Gen Core i7, 16GB RAM, 1TB (512GB x 2) Nvme SSD, Up to 19.5 Hour Battery, Thunderbolt 3, Dark Silver","$1,799.99",4.4 out of 5 stars
"Lenovo 100E Chromebook 2ND Gen Laptop, 11.6"" HD (1366 X 768) Display, MediaTek MT8173C Processor, 4GB LPDDR3 RAM, 16GB eMMC TLC SSD, Powervr GX6250, Chrome OS, 81QB000AUS, Black",$99.99,5.0 out of 5 stars
"XIDU 11.6 "" PhilBook Pro 2 in 1 Convertible Touchscreen Laptop, Intel J3355 Processor, 6GB RAM 128GB SSD, 2K (2560X1440) IPS Notebook with Metal Body, Windows 10 Home, Star Gray",$339.99,4.1 out of 5 stars
"2019 Newest Dell Inspiron 13 7373 2-in-1 13.3 Inch Touchscreen FHD 1080p Laptop (Intel 4-Core i7-8550U up to 4.0 GHz, 16GB DDR4 RAM, 512GB SSD, Intel HD 620, Backlit KB, Windows 10) (Renewed)",$849.00,-1
"2018 Lenovo Ideapad 330 15.6"" FHD WLED Laptop Computer, 8th Gen Intel Quad Core i5-8250U up to 3.40GHz, 8GB DDR4 RAM, 256GB SSD, 802.11ac WiFi, Bluetooth 4.1, DVDRW, USB Type-C, HDMI, Windows 10",$749.98,3.7 out of 5 stars
"Dell 2019 Premium Inspiron 15 3583 15.6 Inch FHD Laptop, Intel Core i7-8565U (up to 4.6 GHz), 16GB RAM, 256GB SSD, Intel UHD Graphics 620, WiFi, Bluetooth, HDMI, Windows 10 W/ Accessories",$719.99,-1
"HP Pavilion 15.6"" FHD Gaming Laptop AMD Ryzen 5, 16GB DDR4 RAM, 256GB SSD+1TB HDD, NVIDIA GTX 1050, Quad-Core up to 3.70 GHz, 1920x1080, Backlit, RJ-45 LAN, Bluetooth 5.0, USB-C, SD Card, Win 10",$579.99,-1
"2019 Newest HP 15.6"" Touchscreen Laptop, Intel Quad-Core i5-8250U, 8GB DDR4 RAM, 128GB SSD, HDMI, DVDRW, Bluetooth, Webcam, WiFi, Win 10 Home",$519.99,4.0 out of 5 stars
"HP Pavilion 15.6"" FHD IPS Touchscreen Premium Laptop, Intel Quad Core i7-8550U Processor up to 4.0 GHz, 32GB Memory, 1TB SSD, 1TB HDD, Backlit Keyboard, USB-C, B&O Play, WiFi, HDMI, Windows 10",$967.06,-1
"Lenovo 2019 Newest L340-17 17.3 Inch HD Laptop (8th Gen Intel Dual Core i3-8345U up to 3.90 GHz, 16GB DDR4 RAM, 1TB HDD, Bluetooth, DVD, WiFi, Windows 10) (Gray)",$529.00,4.7 out of 5 stars
"LG gram Laptop - 15.6"" Full HD Display, Intel 8th Gen Core I5, 8GB RAM, 256GB SSD, 21.5 HRs Battery - 15Z990-U.AAS5U1 (2019), Dark Silver",$946.99,4.3 out of 5 stars
"Acer Chromebook R 11 Convertible Laptop, Celeron N3060, 11.6"" HD Touch, 4GB DDR3L, 32GB eMMC, C738T-C7KD",$207.20,3.9 out of 5 stars
"2019 Newest Lenovo Ideapad S340 15.6 Inch FHD Touchscreen Laptop (Intel 4-Core i7-8565U up to 4.60GHz, 20GB RAM, 512GB SSD, NVIDIA MX230, Backlit Keyboard, WiFi, Bluetooth, HDMI, Win10, Grey)",$996.60,-1
"2018 HP 255 G6 15.6"" HD Wide Screen Business Laptop Computer, AMD A6-9220 up to 2.9GHz, 8GB DDR4, 256GB SSD, DVD-Writer, 802.11ac, USB 3.1, Bluetooth 4.2, HDMI, Windows 10 Professional",$516.40,3.9 out of 5 stars
"HP 17-inch Laptop, AMD A9-9425 Processor, 4 GB RAM, 1 TB Hard Drive, Windows 10 Home (17-ca0020nr, Chalkboard Gray)",$419.99,4.0 out of 5 stars
"Dell 15.6-Inch 2-in-1 4K Ultra HD (3840 x 2160) Touch Laptop PC, Intel i7-8550U Processor, 16GB DDR4, 256GB SSD, NVIDIA GeForce MX130, Backlit Keyboard, Stylus Pen, Bluetooth, HDMI, Windows 10",$899.80,4.2 out of 5 stars
"Lenovo IdeaPad 330-15IGM 15.6"" HD Anti-glare Laptop, Intel Quad-Core Celeron N4100 4GB RAM 500GB HDD DVDRW 802.11ac HDMI Bluetooth Webcam",$253.98,2.9 out of 5 stars
"2019 Newest HP Premium 14 Inch Laptop (Intel Core i3-7100U, Dual Cores, 8GB DDR4 RAM, 128GB SSD, WiFi, Bluetooth, HDMI, Windows 10 Home) (Ash Silver)",$340.75,3.9 out of 5 stars
"2019 Newest Lenovo Thinkpad T480 14"" HD Business Laptop (Intel Quad-Core i5-8250U, 32GB DDR4 RAM, 1TB SSD) Fingerprint, Thunderbolt 3, Type-C, WiFi AC, Windows 10 Pro","$1,024.55",5.0 out of 5 stars
"2019 Newest Dell Inspiron 15 3583 15.6 Inch HD Laptop (8th Gen Inter 4-Core i7-8565U up to 4.6GHz, 8GB DDR4 RAM, 1TB HDD, Intel UHD Graphics 620, WiFi, Bluetooth, HDMI, Windows 10)",$593.01,-1
"Beantech W11046ADB Laptop (Windows 10 Home, Intel Cherry Trail z8300, 11.6"" LCD Screen, Storage: 64 GB, RAM: 4 GB) Black",$219.99,2.2 out of 5 stars
"LG Gram 14T990-U.AAS8U1, 14” 2-in-1 Ultra-Lightweight Laptop with Intel Core i7 Processor and Wacom Pen, Silver","$1,199.99",4.2 out of 5 stars
"LG Gram 17Z990-R.AAS9U1 Thin and Light Laptop, 17"" (2560 X 1600) IPS Display, Intel 8th Gen Core i7, 16GB RAM, 1TB (512GB x 2) Nvme SSD, Up to 19.5 Hour Battery, Thunderbolt 3, Dark Silver","$1,799.99",4.4 out of 5 stars
"Lenovo 100E Chromebook 2ND Gen Laptop, 11.6"" HD (1366 X 768) Display, MediaTek MT8173C Processor, 4GB LPDDR3 RAM, 16GB eMMC TLC SSD, Powervr GX6250, Chrome OS, 81QB000AUS, Black",$99.99,5.0 out of 5 stars
"Apple MacBook Air (13-inch, 8GB RAM, 128GB SSD Storage) - Silver",$699.00,4.4 out of 5 stars
"Acer Aspire E 15 Laptop, 15.6"" Full HD, 8th Gen Intel Core i5-8250U, GeForce MX150, 8GB RAM Memory, 256GB SSD, E5-576G-5762",$0,3.9 out of 5 stars
"HP 250 G5 15.6"" Anti-Glare HD Premium Business Laptop (Intel Core i5-6200U, 8GB DDR4 Memory, 256GB SSD) VGA, HDMI, DVD+RW, WiFi AC, Bluetooth, Ethernet RJ-45, Windows 10 Professional 64 bit - Black",$579.99,4.5 out of 5 stars
"2018 Newest Dell Inspiron 15 5575 Flagship 15.6"" Full HD LED Touchscreen Laptop Quad-Core AMD Ryzen 5 2500U up to 3.6 GHz (Better Than i7-7500U) 8GB DDR4 RAM 1TB HDD Backlit Keyboard Windows 10",$422.89,3.3 out of 5 stars
"Lenovo Flex 14 2-in-1 Touchscreen Laptop, 8th Gen i5-8265U, 8GB RAM, 512GB SSD, 1080p, Backlit Keyboard, Fingerprint Reader",$569.99,-1
"2019 ASUS ROG G531GT 15.6"" FHD Premium Gaming Laptop | Intel 6-Core i7-9750H Upto 4.5GHz | 32GB RAM | 1TB HDD | NVIDIA GeForce GTX 1650 4GB GDDR5 | RGB Backlit Keyboard | Windows 10",$973.97,-1
"Dell Inspiron 14 2 In 1 Laptop 14"" HD (1366 X 768) Touchscreen|8th Gen Intel Core i3-8145U Processor| 4GB RAM|128 SSD | Windows 10 | i5481-3595GRY",$352.80,3.4 out of 5 stars
"2019 Newest Dell Vostro 5000 15.6"" FHD Laptop | GeForce Graphics i7-8565U Processor | NVIDIA GeForce MX130 | 16GB DDR4 | 512GB SSD | HDMI | Wi-Fi | Bluetooth | W10 Pro | Gray","$1,049.00",4.7 out of 5 stars
"Acer Chromebook R 11 Convertible Laptop, Celeron N3060, 11.6"" HD Touch, 4GB DDR3L, 32GB eMMC, C738T-C7KD",$207.20,3.9 out of 5 stars
"LG gram Laptop - 15.6"" Full HD Display, Intel 8th Gen Core I5, 8GB RAM, 256GB SSD, 21.5 HRs Battery - 15Z990-U.AAS5U1 (2019), Dark Silver",$946.99,4.3 out of 5 stars
"Acer Predator Helios 300 Gaming Laptop PC, 15.6 inches Full HD 144Hz 3ms IPS Display, Intel i7-9750H, GTX 1660 Ti 6GB, 16GB DDR4, 256GB PCIe NVMe SSD, Backlit Keyboard, PH315-52-78VL","$1,089.00",4.3 out of 5 stars
"2019 Newest HP 14"" HD SVA BrightView Micro-Edge WLED-Backlit Touchscreen Laptop, Intel Core i3-8145U Processor up to 3.90GHz, 12GB RAM, 1TB M.2 SSD, HDMI, Wi-Fi, Bluetooth 4.2, Windows 10, Pale Gold",$467.10,-1
"HP 15.6"" Laptop, AMD A6-9220 Dual-Core Processor 2.50GHz, 4GB RAM, 500GB HDD, AMD Radeon R4 Graphics, DVD-RW, HDMI, Bluetooth, HDMI, Webcam, Windows 10",$345.00,3.2 out of 5 stars
"HP-Pavilion 13-inch Light and Thin High Performance Laptop,Intel Core i5-8265U Processor,8GB DDR4 RAM,256GB SSD, Webcam,Wireless+Bluetooth, HDMI,Window 10 (13.3 Inch FHD + 256GB SSD)",$612.00,4.2 out of 5 stars
"ASUS VivoBook Flip Thin and Light Laptop, 15.6” Full HD Touchscreen, Intel Core i7-8550U Processor, 8GB RAM, 2TB HDD, Windows 10",$679.99,-1
"2018 HP Pavilion 15t Full HD(1980x1080) Touscreen Laptop, Intel Core i7-8550U Processor, 12gb Ram, 1TB HDD, Backlit Keyboard, Bluetooth, Wifi, HDMI, Windows 10",$690.71,3.4 out of 5 stars
"2019 Lenovo ThinkPad T480 14"" HD Business Laptop (Intel 8th Gen Quad-Core i5-8250U, 16GB DDR4 RAM, Toshiba 512GB PCIe NVMe 2242 M.2 SSD) Fingerprint, Thunderbolt 3 Type-C, WiFi, Windows 10 Pro – Black",$999.99,4.2 out of 5 stars
"Dell Inspiron 13 7000 7370 Laptop - (13.3"" Touchscreen IPS FHD (1920x1080), 8th Gen Intel Quad-Core i5-8250U, 256GB SSD, 8GB DDR4, Backlit Keyboard, Windows 10)",$596.85,4.1 out of 5 stars
"Beantech W11046ADB Laptop (Windows 10 Home, Intel Cherry Trail z8300, 11.6"" LCD Screen, Storage: 64 GB, RAM: 4 GB) Black",$219.99,2.2 out of 5 stars
"LG Gram 14T990-U.AAS8U1, 14” 2-in-1 Ultra-Lightweight Laptop with Intel Core i7 Processor and Wacom Pen, Silver","$1,199.99",4.2 out of 5 stars
"LG Gram 17Z990-R.AAS9U1 Thin and Light Laptop, 17"" (2560 X 1600) IPS Display, Intel 8th Gen Core i7, 16GB RAM, 1TB (512GB x 2) Nvme SSD, Up to 19.5 Hour Battery, Thunderbolt 3, Dark Silver","$1,799.99",4.4 out of 5 stars
"Lenovo 100E Chromebook 2ND Gen Laptop, 11.6"" HD (1366 X 768) Display, MediaTek MT8173C Processor, 4GB LPDDR3 RAM, 16GB eMMC TLC SSD, Powervr GX6250, Chrome OS, 81QB000AUS, Black",$99.99,5.0 out of 5 stars
"2018 Microsoft Surface 13.5"" LCD 2256 x 1504 Touchscreen Laptop Computer, Intel Core m3-7Y30 up to 2.60GHz, 4GB RAM, 128GB SSD, Bluetooth, USB 3.0, WIFI, Windows 10 S",$570.00,4.1 out of 5 stars
"2019 Premium HP 15 15.6 Inch HD Laptop (Intel Dual Core i3-7100U 2.4 GHz, 8GB DDR4 RAM, 1TB HDD, Intel UHD Graphics 620, WiFi, HDMI, Bluetooth, Windows 10) (Silver)",$388.61,2.9 out of 5 stars
"The Charisma Machine: The Life, Death, and Legacy of One Laptop per Child (Infrastructures)",$33.06,-1
"HP 15.6"" HD Touch i7-8550U 4GHz 4GB DDR4 1TB HDD + 16GB Optane DVD Webcam Bluetooth HDMI Windows 10",$476.45,-1
"2019 ASUS ROG G531GT 15.6"" FHD Premium Gaming Laptop | Intel 6-Core i7-9750H Upto 4.5GHz | 32GB RAM | 1024GB SSD | NVIDIA GeForce GTX 1650 4GB GDDR5 | RGB Backlit Keyboard | Windows 10","$1,073.00",1.0 out of 5 stars
"Asus ZenBook 15 Ultra-Slim Laptop 15.6” FHD NanoEdge Bezel, Intel Core i7-10510U, 16GB RAM, 1TB PCIe SSD, GeForce GTX 1650, Innovative Screenpad 2.0, Windows 10 Pro, UX534FTC-XH77, Royal Blue","$1,398.98",4.0 out of 5 stars
"Newest Dell Inspiron 5000 15.6"" FHD Touchscreen Premium Home & Business Laptop, Intel Quad Core i5-8265U Upto 3.9GHz, 16GB RAM, 256GB PCIe SSD by 16GB Optane + 500GB HDD, Backlit Keyboard, Windows 10",$599.99,4.7 out of 5 stars
"2019 Newest Lenovo Ideapad S145 15.6"" HD TN Widescreen Laptop, AMD A6-9225 Dual-Core Processor up to 3.00GHz, 8GB RAM, 128GB Solid State Drive, HDMI, Wireless-AC, Bluetooth, Windows 10, Granite Black",$0,-1
"LG gram Laptop - 15.6"" Full HD Display, Intel 8th Gen Core I5, 8GB RAM, 256GB SSD, 21.5 HRs Battery - 15Z990-U.AAS5U1 (2019), Dark Silver",$946.99,4.3 out of 5 stars
"Acer Chromebook R 11 Convertible Laptop, Celeron N3060, 11.6"" HD Touch, 4GB DDR3L, 32GB eMMC, C738T-C7KD",$207.20,3.9 out of 5 stars
"2019 Lenovo Premium ThinkPad E590 15.6 Inch FHD IPS Laptop (Intel Quad-Core i7-8565U up to 4.6 GHz, 16GB RAM, 512GB SSD, Intel UHD Graphics?620, Bluetooth, WiFi, HDMI, Win 10 Pro) (Black)",$949.96,-1
"HP Pavilion 14"" HD Notebook , Intel Core i5-7200U Processor up to 3.10 GHz, 8GB DDR4, 1TB Hard Drive, No DVD, Webcam, Backlit Keyboard, Bluetooth, Win 10",$599.99,3.6 out of 5 stars
"HP Envy 17-Inch FHD Touchscreen Laptop, 8th Gen Intel Core i7-8550U, NVIDIA GeForce MX150 (4 GB), 12 GB RAM, 1 TB Hard Drive & 128 GB SSD, Windows 10 Home with DVD Drive (17-ae120nr, Natural Silver)","$1,169.99",-1
Tom Clancy's Jack Ryan - Season 2,$0,3.5 out of 5 stars
"MSI Prestige 14 A10SC-020 14"" Ultra Thin and Light Professional Laptop Intel Core i5-10210U GTX1650 MAX-Q 16GB DDR4 512GB NVMe SSD Win10Pro","$1,199.00",4.0 out of 5 stars
"CUK Omen 15t Gaming Laptop (Intel i9-9880H, 64GB RAM, 2TB NVMe SSD + 2TB HDD, NVIDIA GeForce RTX 2080 8GB Max-Q, 15.6"" 4K UHD, Windows 10 Home) Gamers Notebook Computer","$2,999.99",4.3 out of 5 stars
"Newest HP Thin and Lightweight 14"" HD Laptop, Intel Dual Core i3-7100U 2.4GHz Processor, 16GB RAM, 512GB SSD, WiFi, HDMI, USB-C, Webcam, Windows 10, Gold",$462.55,-1
"2019_Dell_Vostro Real Business (Better Than Inspiron) 14"" HD Laptop, Intel Core i3-7020U, 8GB RAM, 1TB HHD, Bluetooth 4.2, HDMI, VGA, Bluetooth+Wareless, Windows 10",$357.00,4.0 out of 5 stars
"Beantech W11046ADB Laptop (Windows 10 Home, Intel Cherry Trail z8300, 11.6"" LCD Screen, Storage: 64 GB, RAM: 4 GB) Black",$219.99,2.2 out of 5 stars
"LG Gram 14T990-U.AAS8U1, 14” 2-in-1 Ultra-Lightweight Laptop with Intel Core i7 Processor and Wacom Pen, Silver","$1,199.99",4.2 out of 5 stars
